type,number,question,answer
fill,1,铁路安全管理坚持安全第一、预防为主、____的方针。,综合治理
fill,2,铁路监管部门、铁路运输企业等单位应当按照国家有关规定制定____，并组织应急演练。,突发事件应急预案
fill,3,铁路建设工程的安全设施应当与主体工程同时设计、同时施工、同时____。,投入使用
fill,4,建筑施工企业在编制施工组织设计时，对专业性较强的工程项目，应当编制____安全施工组织设计，并采取安全技术措施。,专项
fill,5,铁路信号工程施工质量的验收划分为单位工程、分部工程、分项工程和____。,检验批
fill,6,铁路建设实行工程质量____制度 。工程施工承包企业应对保修范围和保修期限内发生的质量问题，按规定履行保修义务，并对造成的损失承担赔偿责任。,终身负责
fill,7,国务院493号令《生产安全事故报告和调查处理条例》规定，事故等级分为一般事故、较大事故、重大事故、____四类。,特别重大事故
fill,8,铁路营业线故障处理作业应严格执行“____”原则。,三不动、三不离
fill,9,用人单位采购、配备和使用的特种劳动防护用品必须具有____、许可证和安全鉴定书。,合格证
fill,10,火灾使人致命的最大原因是____。,窒息
fill,12,中国通号全面落实 “12415” 的总体思路，聚焦 “轨道交通 + 低空经济” 两条主赛道，其中“4”指的是____。,智能轨交、智能低空、智慧城市、智能作业
fill,13,《中华人民共和国安全生产法》规定，生产经营单位采用新工艺、新技术、新材料、新设备或者使用____，必须了解、掌握其安全技术特性，采取有效的安全防护措施，并对从业人员进行专门的安全生产教育和培训。,新的危险物品
fill,14,安全生产领域的红线是____。,发展决不能以牺牲安全为代价
fill,15,四不伤害指的是不伤害自己、不伤害他人、不被他人伤害、____。,保护他人不受伤害
fill,16,模块化装配式施工是指将施工作业对象进行合理切分、组合，接口简统，形成独立标准模块，进行工厂预装预配和____的建造方式。,现场装配式施工
fill,17,工位制均衡施工是指以标准工位建设为基础，将质量、安全、成本的管理要求和“____”的各项作业要求按工位分解落实，在标准工区进行流水均衡施工的组织方式。,人、机、料、法、环、测
fill,18,信号施工单位应严格执行“五核对”措施。施工前核对____，布线前采用“数线头”和导通测试相结合核对____，配线前核对____，器材安装前通过导通测试核对____，验收前通过模拟试验核对________。（每空1分）,施工图纸组合内部配线组合侧面配线配线联锁关系
fill,19,既有设备改造和过渡工程的配线应采用特定颜色线缆，拆改的配线应有____。,醒目标识
fill,20,《铁路技术管理规程》（普速铁路部分）规定：进站、通过、接近、遮断信号机在正常情况下的显示距离不得小于____m。,1000
fill,21,《铁路技术管理规程》规定：高柱出站、高柱进路信号机在正常情况下的显示距离不得小于____m。,800
fill,22,《铁路技术管理规程》（普速铁路部分）规定：预告、驼峰、驼峰辅助信号机在正常情况下的显示距离不得小于____m。,400
fill,23,《铁路技术管理规程》（普速铁路部分）规定：调车、矮型出站、矮型进路、复示信号机、容许、引导信号以及各种表示器在正常情况下的显示距离不得小于____m。,200
fill,24,《铁路技术管理规程》（高速铁路部分）规定：高柱进站、高柱通过信号机正常情况下的显示距离不得小于____m。,1000
fill,25,《铁路技术管理规程》（高速铁路部分）规定：调车、矮型进站、矮型出站、矮型进路、矮型通过、复示信号机、引导信号以及各种表示器在正常情况下的显示距离不得小于____m。,200
fill,26,联锁图表是利用简单明了的表格形式，表示出____之间的基本联锁内容。,进路、道岔、信号机
fill,27,当进路上的有关道岔____或敌对信号未关闭时，防护该进路上的信号机不能开放。,开通位置不对
fill,28,JWXC-1700继电器，型号中的“W”表示____。,无极
fill,29,为防止轨道电路人工短路或绝缘破损引起的错误解锁采用了____。,三点检查
fill,30,进路的锁闭方式有____和____。,预先锁闭接近锁闭
fill,31,防护道岔不在防护位置时，有关____。,进路不能建立
fill,32,半自动闭塞是人工办理闭塞手续，列车凭信号显示发车后，出站信号机____的闭塞方法。,自动关闭
fill,33,隧道壁设备安装时，钻孔深度不得大于____mm。,200
fill,34,铺有防水层的路基段箱、盒安装时，应采用热镀锌金属支架基础方式，基础埋深不应小于____mm。,500
fill,35,在钢轨上钻孔应使用专用钻孔机具，钻孔两侧应采用专用________倒角工具进行倒角，其深度为0.8mm～1.5mm。钢轨钻孔后应立即安装塞钉。,450
fill,36,铁路信号智能电源屏两路电源转换时间小于____。,0.15秒
fill,37,等电位汇集线宜采用3×30mm规格的紫铜条沿墙连接成条形、环形，环行设置时不得构成____。,闭合回路
fill,38,同排架（柜）及其走线槽与架间走线槽连接应____，不得形成电气闭合回路。,绝缘
fill,39,在电路调试过程中，应严禁使用运用中的____电源。,信号设备
fill,40,列车超速防护系统由车载和地面信号设备构成，必须符合____原则。,故障导向安全
fill,41,进站、出站、进路和通过信号机的灯光熄灭、显示不明或显示不正确时，均视为____信号。,停车
fill,42,化学锚栓安装孔钻好后清理出孔内的尘土和碎末至少需要____次。,3
fill,43,加在电容器两极板上的电压不能超过某一限度，一旦超过这个限度，电介质将被击穿，电容器将被损坏。这个极限电压叫做____。,击穿电压
fill,44,三相电机的每相动作电路中均接容量为5A的断路器，起____作用。,过载保护
fill,45,纯电容元件通过正弦交流电时，其电压与电流的相位关系是 ____,电压滞后电流90°。
fill,46,安装设备（如插继电器）前，应测试配线____现象。, 有无接地
fill,47,既有线改造施工中，接入既有电源前，除确认新设备电源配线符合要求外，还应检查既有电源有无____________现象，做好记录并取得既有设备监管单位的签认。, 混电及接地  
fill,48,道岔的锁闭方式有区段锁闭、进路锁闭、____、引导总锁闭。,单独锁闭
fill,49,联锁设备分为____。, 集中联锁和非集中联锁 
fill,50,闭塞设备分为____、自动站间闭塞和 半自动闭塞 。,  自动闭塞 
fill,51,高速铁路信号控制系统主要由____________、列车运行控制子系统和调度集中子系统组成。, 计算机联锁子系统  
fill,54,装有钢轨绝缘处的钢轨，两钢轨头部应在同一平面，高低相差不大于________。, 2mm
fill,55,钢轨引接线塞钉孔距钢轨连接夹板边缘应为____左右。,100mm
fill,56,在雷雨天不要走近高压电杆、铁塔、避雷针，远离至少____m以外。,20
fill,57,对带有220V及其以上电压的信号设备进行作业时，一般应____或双人作业。, 切断电源 
fill,58,人身和携带物件(如长杆、导线、工具等)与接触网设备带电部分，必须保持____m以上的距离。,  2_
fill,59,停电作业时，应指派专人断电，并在电源开关处悬挂____。,  警示牌  
fill,60,人身和携带物件与接触网回流线必须保持____m以上距离。,1
fill,61,在距接触网不足____m的处所作业时，必须要求供电部门配合。,2
fill,62,在电气化区段高柱信号机上作业时，应保持人身和携带物件与接触网带电部分____m以上距离。,2
fill,65,引向安全线或避难线的道岔纳入集中联锁时，道岔的定位必须为____开通的位置，道岔未处于定位位置且未处于进路锁闭状态时应给出报警信息。,安全线或避难线
fill,66,除仅运行动车组列车线路外的集中联锁车站，当进站信号机外方进站方向列车制动距离范围内为下坡道且加算坡度的绝对值超过____时，应设置进站接车进路的延续进路。,6‰
fill,67,信号非正常关闭后，已锁闭的进路不得____；已锁闭的进路不得因轨道电路瞬间失去分路错误解锁。,自动解锁
fill,68,进站信号机、进路信号机、出站信号机、线路所通过信号机以及调车信号机关闭后，未经办理不得____。,再次自动开放信号
fill,69,CTC区段采用自动闭塞或____。,自动站间闭塞
fill,70,室外信号设备外缘距接触网带电部分的距离不得小于2 m；距接触网带电部分____ m范围内的信号设备的金属结构件必须接地。,5
fill,71,室外信号设备的接地，未设置贯通地线的线路，分设接地电阻值不应大于4Ω，困难时不应大于10Ω；设置贯通地线的线路，接地电阻值不应大于____Ω；接地电阻值不符合规定时应采取降阻措施。,1
fill,72,电气连接处的过渡电阻不应大于____Ω。,0.2
fill,73,水平接地体距建筑物外墙间距不小于1m，埋深不小于0.7m。在寒冷地区，接地体应埋在____以下。,冻土层
fill,74,接近信号机、进站信号机、进路信号机、出站信号机、通过信号机以及调车信号机处的机械绝缘节应与信号机并列设置，无法并列时应符合规定：接近信号机、进站信号机、接车进路信号机、接发车进路信号机、线路所通过信号机以及自动闭塞区间并置的通过信号机处，绝缘节可设置于信号机____至____的范围内；发车进路信号机、出站兼发车进路信号机、出站信号机以及自动闭塞区间单置的通过信号机处，绝缘节可设置于信号机____至____的范围内；调车信号机处的绝缘节可设置于信号机____至____的范围内。（每空1分）,前方1 m后方1 m前方1 m后方6.5 m前方1 m后方1 m
fill,75,面对铁路内屏蔽数字信号电缆端头，绿色四线组在红色四线组的____侧为A端。,顺时针方向
fill,76,当电缆长度小于或等于10000m时，通过设置电缆模拟网络，电缆回路的环阻值应小于等于____Ω。,470
fill,77,普通信号电缆绝缘测试项目有芯线间绝缘测试、芯线对地绝缘测试和________。,芯线电阻测试
fill,78,SPTYWPL23型信号电缆，其中SP含义是____。,数字信号
fill,79,电力牵引区段，室外信号主干电缆和分支电缆的钢带、铝护套及内屏蔽层护套应在箱盒内单端接地，主干电缆分段接地距离不宜大于____。,1km
fill,80,内屏蔽数字电缆、应答器数据传输电缆的允许弯曲半径不应小于电缆外径的____倍。,20
fill,81,电缆配线贯通后设备未连接前的每根芯线对地、线间绝缘电阻率不应小于____。,20MΩ·km
fill,82,长度不大于____的电缆不得接续，长度不大于1km的电缆不得多于____次接续，接续位置距离所接入的箱盒不得小于________m。（每空1分）,300m230 
fill,83,多根光电缆同沟（槽)敷设时，应按____弯曲半径敷设。,最大
fill,84,区间通过信号机的灯丝电流一般应调整到所用信号灯丝继电器工作值的________以上，残流应小于其可靠落下值。,120%
fill,85,区间通过信号机灯端电压一般为________________。,  10.6～10.8V  
fill,86,进站信号机点灯电路采用的混线防护措施有位置法、双断法、____。,  变压器隔离法  
fill,87,高铁出站开放引导信号时，点亮____灯光。,  红色灯光和月白色  
fill,88,在区间闭塞分区的分界点线路左侧应设____，标志牌宜安装在接触网支柱上。, 停车标志牌 
fill,89,预告标志牌应设置在____及防护区间道岔的通过信号机外方900m、1000m、1100m处。, 进站信号机 
fill,90,进站信号机设置于进站最外方对向道岔尖轨尖端外方或顺向道岔警冲标内方沿线路方向不小于________m处；,50
fill,91,预告信号机与主体信号机的设置距离应符合列车由设计速度到停车的紧急制动距离要求，并不得小于800 m；预告信号机的显示距离不足400 m时，不得小于________m。,1000
fill,92,ZPW-2000系列无绝缘轨道电路传输的低频调制信号频率为10.3～29Hz；间隔为____；共18种低频调制信号。,1.1Hz
fill,93,ZPW－2000A接收、发送条件配线分槽、分侧布放，其目的是为了提高接收、发送的________。,抗干扰性能
fill,94,ZPW-2000系列无绝缘轨道电路采用标准载频为____,1700Hz、2000Hz、2300Hz、2600Hz。
fill,95,道岔区段轨道电路的两钢轨绝缘不能并列安装时，死区段不宜大于____m。,2.5
fill,96,ZPW-2000A接收设备采用 ____方式。,双机并用
fill,97,ZPW-2000A匹配变压器（TAD）变比为____，室内防雷变压器变比为1:1。,1:09
fill,98,ZPW-2000A设备工作直流电压范围为____V 。,23.5～24.5
fill,99,ZPW-2000A低频信号有____种。,18
fill,100,ZPW-2000A低频信号F15代表____Hz。,13.6
fill,101,ZPW-2000A接收盒正常工作电压不小于____mv。,240
fill,102,ZPW-2000A接收盒工作电压低于____mv时，轨道继电器可靠落下。,170
fill,103,ZPW-2000A室内屏蔽线的屏蔽层必须____接地。,单端
fill,104,ZPW-2000A系统通过衰耗盒上指示灯反映发送、____、轨道工作状态。,接收
fill,105,ZPW-2000A系统某轨道区段空闲，主接收盒故障时，衰耗盒轨道指示灯仍显示绿灯，表示____工作正常。,接收并机
fill,106,ZPW-2000A衰耗盒可用于对接收器的主轨道电路输入电压调整和对____电路的输入电压调整。,小轨道
fill,107,ZPW-2000A系统，当“轨道占用”时轨道指示灯应亮红灯，“轨道空闲” 时应亮绿灯，停电时____灯。,灭
fill,108,电码化柜的发送检测盘，可测量上、下两套发送器的电源电压和____。,功出电压
fill,109,ZPW-2000A系统在电气绝缘节处，串联谐振为零阻抗，并联谐振为____阻抗。,极
fill,110,ZPW-2000A两个频率相同的发送与接收不得采用____。,同一根电缆
fill,111,ZPW-2000A轨道的接收和发送线对，必须按“星形四芯组”的____使用。,对绞线
fill,112,ZPW-2000A铁路内屏蔽数字信号电缆改变了____的电缆使用原则，减少了电缆使用根数，降低了工程造价。,“同频不同缆”
fill,113,电气绝缘节的构成包含有L-C____电路、L-C并联谐振电路，尚有部分电感、电阻串联并联电路。,串联谐振
fill,114,ZPW-2000A系统进站口钢轨引接线采用长短不同的____各两根。,钢包铜线
fill,115,ZPW-2000A系统接收器由本接收“主机”及另一接收“____”两部分构成。,并机
fill,116,ZPW-2000A系统补偿电容的设置方式宜采用____法。,等间距
fill,117,客专ZPW-2000A轨道电路轨道区段小于____m时，可不配置补偿电容。,300
fill,118,ZPW-2000A型无绝缘轨道电路将轨道电路分为主轨道和____短小轨道电路两个部分。,  调谐区  
fill,119,ZPW-2000A型无绝缘轨道电路接收器除接收本主轨道电路信号外，还同时接收 ____小轨道电路的频率信号。, 相邻区段 
fill,120,电气化区段采用非工频轨道电路是为了防止____ 的干扰。, 牵引电流
fill,121,ZPW-2000A发送主备机转换时，低频选择、型号、载频、____________需要同时进行转换。,  功出  
fill,122,电气化区段轨道电路适配器是第一级滤波器，滤掉5OHz____(10A以内),  不平衡电流  
fill,123,"ZPW-2000A发送主机故障时,依靠____转换至+1设备。", FBJ  
fill,124,ZPW－2000A发送器、接收器的工作电源为 ____。, 直流电源 
fill,125,ZPW-2000A轨道电路的调整是根据调整表调整发送 ____、接收电平等级，以及送、受电端的模拟电缆网络。,  电平等级  
fill,126,移频自动闭塞以____为基础，用钢轨传递移频信息。,   移频轨道电路  
fill,127,极性交叉是轨道电路____的防护措施之一。,  绝缘破损  
fill,128,轨道电路限流电阻作用之一是：当轨道电路____时保护送电电源不会被烧坏。,  送电端轨面短路 
fill,129,高速铁路多采用____进行列车占用和完整性检测。,  轨道电路 
fill,130,当进行扼流变压器II次侧的有关开路作业前，应将扼流变压器I次侧____。,  短路  
fill,131,ZPW-2000系列电码化，在最不利条件下， 1700Hz、2000Hz、2300Hz机车信号钢轨最小短路电流不小于 500mA ，入口电流不大于____。,1200mA
fill,132,ZPW-2000系列电码化，在最不利条件下， 2600Hz机车信号钢轨最小短路电流不小于 450mA ，入口电流不大于____。,1100mA
fill,133,计轴设备发送磁头顶部边缘不得碰到钢轨，____不得松动。,磁头
fill,134,计轴设备磁头安装点检测区段长度应____最大轴距。, 大于 
fill,135,计轴设备磁头应安装在轨枕间的钢轨上，且应避开轨距杆等____部件。, 金属 
fill,136,计轴设备发生任何故障，作为检查轨道区段空闲与占用状态的____应可靠落下，并持续显示占用状态。, 轨道继电器 
fill,137,计轴设备故障排除后，未经____，不得自动复位。, 人工办理 
fill,138,电力牵引区段，交叉渡线道岔的直股通过牵引电流时，应在渡线增设____。,钢轨绝缘
fill,139,当计轴轨道区段因电源停电、故障、外界干扰需要恢复时，应先由____该区段空闲后，再进行复零操作。,人工确认
fill,140,道岔一经启动后应保证能转换到底，因故不能转换到底时，应保证经操纵后能转换到____。,原位
fill,141,道岔第一连接杆处，尖轨与基本轨间有____mm及以上间隙时，道岔不得锁闭。,4
fill,142,电动转辙机每转换一次，锁闭齿轮与锁闭齿条块要完成____三个过程。,解锁、转换、锁闭
fill,143,道岔电路由____和表示电路两部分组成。,启动电路
fill,144,交流转辙机采用三相交流电源，为防止烧坏电机，电路中设有____。, 断相保护器 
fill,145,五线制道岔控制电路中表示电路采用二极管与表示继电器____的旁路控制电路。,并联
fill,146,转辙机启动电路包括道岔____继电器电路和道岔动作电路。,启动
fill,147,ZD6道岔表示电路中接入二极管的作用是____。,  整流  
fill,148,ZYJ7型电液转辙机开关滚轮在动接点凸轮上时，常开接点应____。,  可靠接通  
fill,149,当道岔被挤时，SH6型转换锁闭器应能可靠断开____。,  表示接点  
fill,150,ZYJ7型电液转辙机油路系统内无空气，转换时应保证有足够的____，转换速度应能做到主、副机协调同步。, 工作压力  
fill,151,S700K型电动转辙机属于____传递的三相交流电动转辙机。,  滚珠丝杠  
fill,152,道岔转换密贴后，转辙机自动开闭器的动接点变为断开道岔的启动电路，从而使____缓放落下 。,1DQJ
fill,153,电液转辙机使用中油箱常备油量用____测量，应保持在上、下标记之间。,  油标尺  
fill,154,列车运行速度大于160km/h区段的道岔，尖轨、心轨的密贴段，在牵引点间有____及以上缝隙是不得接通道岔表示。, 5mm  
fill,155,尖轨、心轨顶铁与轨腰的间隙均应不大于____。,1.5mm
fill,159,道岔融雪装置不得影响道岔的____和轨道占用检查装置的正常工作。,正常转换
fill,160,高速铁路、仅开行封闭式旅客列车的客运专线，转辙机、密贴检查器的金属外壳应采用截面积为____就近接地；交流转辙机采用角钢安装固定方式时，机壳____；直流转辙机机壳____。（每空1分）,50mm²铜导线不接地不接地
fill,161,6502电气集中电路动作层次是选择进路、锁闭进路，然后开放信号，最后____。,解锁进路
fill,162,照查继电器是为锁闭另一咽喉的____用的，对应每一接车股道的上行咽喉和下行咽喉各设一个。,迎面敌对进路
fill,163,取消发车进路时，中岔和发车进路同时解锁，当中岔区段有车占用时，应处于____状态。,  区段锁闭  
fill,164,中岔不在接车进路的始、终端按钮之间，建立接车进路必须把中岔____到规定位置。,  带动  
fill,165,办理带延续进路的接车进路时，必须按压三个按钮，即：进站信号机处始端按钮； 接车股道终端按钮；及____延续进路终端的调车按钮或列车按钮。,  另一咽喉 
fill,166,两方向出站信号机设置的____ZXJ的作用是区分向主要方向发车还是向次要方向发车。,  主信号继电器  
fill,167,在股道有中间道岔的情况下，接车进路的最末一个道岔区段是指____。, 中间道岔区段  
fill,168,当进路上的道岔失去表示时，防护该进路的信号机应 ____。, 自动关闭  
fill,169,计算机联锁2x2取2冗余结构由4个单元组成。每个单元中的CPU应具有各自独立的总线、RAM、ROM及必要的外围器件。4个单元分为相同的两系。每系中的两个单元应同步执行相同的联锁运算，并通过相互校核，保证只有在运算结果____时对外输出。,完全相同
fill,170,计算机联锁在一次错误办理和发生一处故障时，不应有____侧输出。,危险
fill,171,CTCS-2级列控系统中限速区长度超过____时，按区间限速处理。,2200m
fill,172,车站列控中心启动后，先向应答器发送____报文。,默认
fill,173,应答器报文分为应答器____和应答器传输报文。,用户报文
fill,174,CTCS-3级列控系统由地面设备、车载设备、____、GSM-R无线通信网络构成。,信号数据传输网络
fill,175,CTCS－3级列车运行控制子系统地面系统组成由列控中心、临时限速服务器、ZPW-2000系列轨道电路、应答器、____、GSM-R接口设备等组成。,无线闭塞中心
fill,176,CTCS-3级列控系统车载设备由车载安全计算机、____、轨道电路信息读取器、应答器信息接收单元、记录单元、人机界面等组成。,GSM-R无线通信单元
fill,177,CTCS－2级列车运行控制子系统地面系统组成由列控中心、临时限速服务器、ZPW-2000系列轨道电路、____等设备组成。,应答器
fill,178,CTCS-2地面设备由轨道电路、车站电码化等传输____列控信息。,连续
fill,179,CTCS-2是基于点式应答器、轨道电路传输____信息的点-连式系统。,列车运行控制
fill,180,CTCS-2车站列控中心与计算机联锁系统接口为____通信接口。,安全
fill,181,CTCS-2列控中心可以将临时限速命令自动转换为对应____指令。,控制
fill,182,地面应答器安装在护轮轨处空间够时，应答器中心至护轮轨基之间的横向无金属距离为____mm。,320
fill,182,应答器安装应以应答器____为参考点。,基准标记
fill,183,应答器采用横向安装方式时，从应答器中心沿着轨道中心的无金属距离不应小于____mm。,315
fill,184,CTCS-2级列控系统包括____和____________ 设备。,  车载设备  列控地面 
fill,185,TCC根据轨道区段占用信息、联锁进路信息、线路限速信息等产生列车行车许可命令，并通过轨道电路和____将连续的速度信息及点式信息传输给车载设备，保证其管辖内的所有列车的运行安全。, 有源应答器 
fill,186,列车运行控制系统是列车在____运行过程中实现自动化的设备。, 区间 
fill,187,列车运行控制系统一般由车载设备、____、地车信息传输通道三部分组成。, 地面设备 
fill,188,CTCS-2级列控系统是基于____传输信息的列车运行控制系统。, 轨道电路和应答器  
fill,189,应答器包括____和无源应答器。, 有源应答器  
fill,194,LEU与有源应答器之间的电缆长度不得大于2500 m，超过规定时宜将LEU设置于轨旁，设置于轨旁的LEU应冗余设置；室外LEU与TCC宜采用两根独立光缆连接，并按____敷设。,不同的物理路径
fill,195,CTC分散自律调度集中系统用于________站时，自律机从联锁控显机获得信息。,计算机联锁
fill,196,CTC分散自律调度集中系统和联锁系统相连接，不会影响联锁系统的____工作。,正常
fill,197,CTC分散自律调度集中系统车务终端采用工控机组成双套冗余________系统。,热备
fill,198,CTC分散自律调度集中系统自律机与联锁通信中断后，不再向联锁发送____命令。,操作
fill,199,在调度集中区段内，有遥控设备的集中联锁车站，车站控制应优先于____。,调度控制
fill,200,CTC分散自律调度集中系统____终端主要工作是监视系统的运行状况，对所有控制命令、报警信息和车站网络运行状态等进行存储、查询和打印。,电务维护
fill,201,TDCS主机柜通过计算机完成通信及____功能。,  信息处理  
fill,202,CTC调度集中系统由铁路局集团有限公司 、____二级组成。, 车站  
fill,203,调度集中系统在____方式下，车务终端具有信号设备的全部控制权，车站对列车及调车进路均有操作权，列车调度员对列车及调车进路均无操作权。, 车站操作 
fill,204,CTC应具备____和非常站控两种模式。分散自律模式是通过调度集中设备，实现进路自动和人工办理的模式。,  分散自律控制 
fill,205,调度集中系统在中心操作方式下，调度终端具有信号设备的全部控制权，列车调度员对____进路均有权操作权，车站对列车及调车进路均无操作权。, 列车及调车 
fill,206,信号集中监测系统供电电源应与被监测对象电源____。,  可靠隔离  
fill,207,驼峰信号机的推峰信号（也叫溜放信号）有____、黄闪、绿灯三种显示。,绿闪
fill,208,驼峰主体信号机在正常情况下，要求显示距离不得少于____m。,400
fill,209,驼峰主体信号机有____种显示。,7
fill,210,在驼峰信号设备中，管路的连接方式有螺纹连接、法兰连接和____连接。,焊接
fill,211,全封闭线路的城市轨道交通系统应配备____；线路部分封闭的城市轨道交通系统，应根据行车间隔、列车运行速度、线路封闭状态等运营条件采取相应的技术手段进行列车运行安全防护。,ATP系统
fill,212,城市轨道交通信号系统应实现列车安全运行，并在系统最不利条件下，当前方列车处于紧急停车时，后续列车应能____。,安全停车
fill,213,城市轨道交通信号系统按闭塞制式划分，可分为____制式、准移动闭塞制式和移动闭塞制式。,固定闭塞
fill,214,城市轨道交通信号系统按地面设备向车载设备传递信息的连续性划分，可分为在固定地点传递信息的____、沿线路连续传递信息的连续式。,点式
fill,215,城市轨道交通信号系统按信号系统控制模式曲线划分，可分为阶梯式和____模式曲线。,速度-距离
fill,216,城市轨道交通信号系统可由行车指挥控制子系统或具有行车指挥控制功能的设备、ATP子系统、____子系统、联锁子系统或具有联锁功能的设备、数据通信子系统、维护监测子系统和信号机、转辙机、列车占用-空闲检测、电源等基础设备组成。,ATO
fill,217,城市轨道交通信号系统按地域划分，可分为控制中心设备、____设备、车辆基地设备、车载设备、维修中心设备、试车线设备，可根据需要设置备用控制中心或培训中心设备。,车站及轨旁
fill,218,根据城市轨道交通信号系统的性能特点和运营需要，驾驶模式可____转换。,自动或人工
fill,219,城市轨道交通信号系统当地面信号为主体信号且其信号显示熄灭或显示意义不明时，应视为禁止信号；当车载信号为主体信号时，正线地面信号宜____；,灭灯
fill,220,城市轨道交通信号行车指挥控制子系统技术实现方式包括____两种系统技术。,ATS和CTC
fill,221,城市轨道交通设置备用控制中心的线路，主控制中心与备用控制中心可____。,互为热备
fill,222,城市轨道交通信号系统ATP地面设备向ATP车载设备传送的允许速度指令、目标速度、目标距离、____等信息，应满足ATP车载设备控制方式和控制精度的需要。,站台屏蔽门状态
fill,223,城市轨道交通固定闭塞系统、准移动闭塞系统应实现闭塞分区的列车占用-空闲的检测，并应以闭塞分区为单元检测列车的位置。列车占用-空闲检测可采用轨道电路、轨旁环线、____等方式实现。,计轴
fill,224,城市轨道交通移动闭塞系统应通过列车定位技术及车地信息的双向传输实现列车的准确定位。列车定位技术可采用轨道电路、轨旁环线、____、无线、卫星定位或辅以测速设备或测速信息等方式实现。,应答器
fill,225,城市轨道交通列车自动运行应具有车门和站台屏蔽门开闭的____功能。,自动控制
fill,226,城市轨道交通当ATO子系统发生故障时，应能给出报警提示，并能转为____。,人工控制
fill,227,城市轨道交通行车指挥控制中心应实现本线运行列车的统一指挥调度，可实现线网列车运行的统一指挥调度，可实现轨道交通线网间线路的____。,协同指挥
fill,228,城市轨道交通信号系统自身设备故障时，应具有____模式和应急措施。,降级运行
fill,229,城市轨道交通信号系统电源设备应具备不间断供电功能或由UPS整合专业提供不间断供电功能。当双路外电源供电失效时，不间断供电功能应满足为控制中心、车辆基地、维修中心、车站的信号系统设备提供不小于________的供电要求。, 30min
fill,230,城市轨道交通信号设备应设工作地线、保护地线、____等。,屏蔽地线和防雷地线
choice,1,"质量方针应与施工企业的经营管理方针相适应，体现施工企业的质量管理宗旨和方向。不包括： （）
(A)遵守国家法律、法规，满足工期要求。
(B)在工程施工过程中及交工后，认真服务于发包方和社会。
(C) 质量回访和服务信息。
(D)追求质量管理，保持质量管理水平。",C
choice,2,"各项施工必须严格执行本工种的（）规程。
（A）安全作业 （B）安全技术标准 
（C）安全技术操作 （D）人身安全规章",C
choice,3,"高柱水泥信号机柱的埋设深度为机柱长的20%，但不得大于（）m。
（A）1.7（B）1.9（C）2（D）2.1",C
choice,4,"以下不属于CTCS-2级列控地面设备的是（）
（A）LEU 
（B）应答器 
（C）LKJ列车运行监控记录装置 
（D）列控中心",C
choice,5,"在列车压入接近区段时，欲取消进路应采用（）方式。
（A）取消解锁 
(B)人工延时解锁 
(C)故障解锁 
( D)正常解锁",B
choice,6,"正线发车进路的人工解锁延时时间为（）。
(A)3秒 
(B)30秒 
(C)3分钟
(D)1分钟",C
choice,7,"ZPW－2000A无绝缘轨道电路下行线路载频排列一般为（），周而复始。
 (A)1700－1、1700－2、2300－1、2300－2 
(B)1700－1、2300－2、2300－1、1700－2 
(C)1700－1、2300－1、1700－2、2300－2 
(D)1700－1、2300－2、1700－2、2300－1",C
choice,8,"ZPW－2000A发送器有（）个发送等级可调。
(A) 9 (B) 5 (C)11 (D)10",D
choice,9,"股道停有待发列车出站信号机未开放前（）。
（A）两端可以同时向该股道调车
（B）有车停留不可以办理调车进路 
（C）两端咽喉同时只允许一端办理调车进路 
（D）以上都不对",A
choice,10,"64D半自动闭塞车站，甲站请求发车，首先发送一个（）信号。
（A）正极性
（B）负极性
（C）无极性
（D）无信号",A
choice,11,"ZPW-2000A型轨道电路的发送器低频频偏为（）。
（A）±0.7Hz （B）±0.9Hz （C）±1.1Hz （D）±1.3Hz",C
choice,12,"RBC采用（）工作方式。
（A）冷备 （B）热备 （C）不一定 （D）冷热备",B
choice,13,"普速铁路，绝缘节应设在距警冲标不小于（）外。
(A)3m (B)3.5m (C)4m (D)6m",B
choice,14,"信号机无效标为（）十字交叉板。
(A)红色 (B)白色(C)黑色 (D)黄色",B
choice,15,"64D继电半自动闭塞车站，作为发车站请求发车时有（）吸起。
(A)XZJ、ZKJ
(B)TJJ、ZKJ、GDJ
(C)XZJ、ZKJ、GDJ
(D)XZJ、ZKJ、GDJ、BSJ",D
choice,17,"ZPW－2000A无绝缘轨道电路的分路残压不大于（）。
(A)240mv (B) 153mv (C)120mv (D)38mv",B
choice,18,"ZPW-2000A型无绝缘移频自动闭塞轨道电路通过（）能实现对数字电缆长度的补偿。
（A）发送器 （B）接收器 （C）衰耗器 （D）防雷模拟网络盘",D
choice,19,"分路残压测量：用（）Ω电阻线在轨面任一地方分路，25Hz相敏轨道电路继电器端电压不大于 7V，其前接点断开。
（A）0.06 （B）0.15 （C）0.25 （D）0.1",A
choice,20,"ZPW-2000A型轨道电路中,接收器端子“（+24）”，其供电方式是（）。
(A)由接收器本身内部给出 
(B)由零层电源端子给出 
(C)由发送盒功出电压给出 
(D)由并机接收器给出",A
choice,21,"横向连接线设置要求，两个完全横向连接的距离大于等于（）m，两者之间增加一简单横向连接。
(A) 1000 (B) 3000 (C) 1500 (D) 2000",D
choice,22,"ZPW-2000轨道电路，测试衰耗盒功出测试孔时，其低频频率为12.5Hz时，其代表（）码。
(A) L3 (B) L2 (C) L (D) LU",B
choice,23,"空心线圈对50Hz的牵引电流呈现很小的（）,即可起到平衡牵引电流的作用。
(A)感性 (B)容性 (C)谐振 (D)阻性",D
choice,24,"调谐单元有两种工作状态，当处于“零阻抗”时，其作用为（）。
(A)平衡两钢轨的牵引电流 
(B)匹配连接数字信号电缆 
(C)阻止相邻区段信号进入本区段
(D)减少对本区段信号的衰耗",C
choice,25,"在站内相邻两到发线（只有一条线路通过超限货车）的线间，设置高柱信号机时，两线间距离不得少于（）。
（A）5000mm (B) 5300mm (C) 5500mm (D) 5530mm",B
choice,26,"在站内相邻两到发线（均通过超限货车）的线间，设置高柱信号机时，两线间距离不得少于（）。
(A) 5000mm (B) 5300mm (C) 5500mm (D) 5530mm",D
choice,27,"下列说法正确的是()。
(A)线圈通过直流电时没有感应电压，所以没有贮存能量
(B)线圈只有通过交流电时才存贮磁能
(C)线圈只有通过交流电时才与外界产生能量交换
(D)以上都不对",A
choice,28,"转辙装置中，各种连接杆调整丝扣的余量不得小于()mm。
(A)5 (B)8 (C)10 (D)7",C
choice,29,"CTCS-2级列控系统在进站口附近，放置（）有源应答器和1个或多个无源应答器，组成应答器组。
（A）1个 （B）2个 (C)3个 (D)4个",A
choice,30,"ZPW-2000A型无绝缘轨道电路，室内电线、电缆布线禁止出现（）。
(A)一字状(B)环状 (C)十字状 （D）交叉状",B
choice,31,"ZDJ9型电动转辙机转换时间不大于（）。
（A）3.8S（B）5.5S（C）8S（D）9S",C
choice,32,"内屏蔽数字电缆弯曲半径不得小于电缆外径的（）倍。
(A)10 (B)15 (C)20 (D)25",C
choice,33,"ZPW-2000A型无绝缘轨道电路在收到11.4Hz低频信息后，控制信号机点()灯。
(A)L (B)U (C)HU (D)H",A
choice,34,"ZPW-2000A型无绝缘轨道电路中，18种低频信息中（）代表“转频码”。
(A)16.9HZ (B) 29HZ (C) 27.9HZ (D) 25.7HZ",D
choice,35,"数字电缆型号“SPTYWLT23”中“YW”代表()意思。
(A)钢带铠装聚乙烯外护套
(B)数字信号电缆
(C)物理发泡聚乙烯绝缘
(D)铝护套",C
choice,36,"DS6-K5B型计算机联锁，当系统运行正常，面板指示灯D6灯灭表示()。
(A)APL开始执行
(B)APL停止执行
(C)数据连接成功
(D)数据连接失败",D
choice,37,"用于牵引点处密贴检查时，第一牵引点处尖轨与基本轨、心轨与翼轨密贴有（）mm及以上间隙时，密贴检查装置不应接通密贴表示接点。
(A)4 (B)5.5 (C)8 (D)6.5",A
choice,38,"ZPW－2000A无绝缘轨道电路机柜门与机柜之间用（）mm2线进行接地连接。
（A）10 （B）6 （C）4 （D）35",B
choice,39,"办理进路时，当道岔因故不能转换到底而摩擦转动时，电流表的指针所指示的电流值（）。
（A）幅度有所上升，并停留在该幅度的位置上
(B)幅度不变 
(C)幅度下降，但不到零 
(D)幅度下降，直到零",A
choice,40,"建立进路时，某道岔在转换途中，轨道供电突然停电使GDJ↓，则该道岔（）。
(A)继续转换到底
(B)停止转换
(C)自动转回原来位置 
（D)以上都不对",A
choice,41,"S700K型交流电动转辙机的道岔机械锁闭采用（）。 
(A)外锁闭装置
(B)内锁闭装置
(C)内、外锁闭两种装置 
(D)无锁闭装置",A
choice,42,"站内相邻两个区段同时出现红光带的原因是()。
(A)设备引接线断线 (B)绝缘节破损 (C)受端电压低 (D) 送端电压低",B
choice,43,"LEU是（）的简称。
（A）无源应答器
（B）有源应答器
（C）地面电子单元
（D）发光二极管",C
choice,44,"六线制道岔中，两台转辙机（ZD6-E，ZD6-J）对应的启动电路和表示电路分别按（）关系工作。
(A)并联和并联 (B) 并联和串联 (C) 串联和串联 (D) 串联和并联",B
choice,45,"在道岔启动电路已经动作后，如果车随后驶入道岔区段，这时应保证（）。
(A)道岔启动电路自动断开
(B)电动转辙机继续转换到底
(C)电动转辙机自动转回原位
(D) 电动转辙机停止转动",B
choice,46,"ZYJ7分动外锁闭道岔表示电路定位表示和反位表示电路分别用三条线来控制，定位表示用（）三线控制。
(A) X1、X2、X4 (B) X1、X3、X5 (C) X1、X2、X5 	(D) X1、X3、X4",A
choice,47,"转辙装置中，各种连接杆调整丝扣的余量不得小于()mm。
(A)5 (B)8 (C)10 (D)7",C
choice,48,"ZPW-2000A型无绝缘轨道电路分路状态在最不利条件下，在1700 Hz轨道电路任一处轨面用0.15 Ω 标准分路线分路，短路电流不小于（)的规定值。
(A) 400 mA (B) 500 mA (C) 550 mA (D) 600 mA",B
choice,49,"ZPW-2000A型无绝缘轨道电路分路状态在最不利条件下，在2600 Hz轨道电路任一处轨面用0.15 Ω 标准分路线分路，短路电流不小于()的规定值。
(A) 350 mA (B) 450 mA (C) 550 mA (D 650 mA",B
choice,50,"ZD6型电动转辙机自动开闭器动接点在静接点片内的接触深度，在接触状态时不得小于()mm。
(A)3 (B)4 (C)3.5 (D)4.5",B
choice,51,"ZPW-2000A自动闭塞的移频信息的测试一般在()上进行。
(A)发送器 (B)接收器 (C)分线柜 (D)衰耗盘",D
choice,52,"在高速铁路车站（渡线除外），当轨道绝缘与警冲标的距离小于（）m时为侵限绝缘。
(A)3.5 (B)5 (C)4 (D)4.5",B
choice,53,"电力牵引区段的信号电缆单端接地每段长度不宜超过（）m。
(A)1000 (B)2000 (C)2500 (D)3500",A
choice,54,"在进行钢轨打孔作业时，孔中心与钢轨焊缝的距离不小于（）mm。
(A)400 (B)350 (C)450 (D)500",A
choice,55,"ZPW-2000型无绝缘轨道电路分路状态在最不利条件下，在2000Hz轨道电路任一处轨面用标准分路线分路，短路电流不小于()的规定值。
(A)400mA (B)500mA (C)550mA (D)600mA。",B
choice,56,"ZPW-2000A型无绝缘轨道电路系统调谐区阻抗频率允许偏差()。
(A)±10Hz (B)±10.5Hz (C)±11Hz (D)±13Hz",C
choice,58,"下列关于空芯线圈说法不对的是()。
(A)平衡钢轨中的牵引电流。
(B)平衡两线路间的牵引电流。
(C)改善电气绝缘节Q值，保证工作稳定性。
(D)检查轨道电路的占用情况",D
choice,59,"直向通过速度大于160km/h的道岔转换设备，尖轨密贴段，有()mm及以上水平间隙时不得接通道岔表示。
(A)5 (B)6 (C)4 (D)2",A
choice,60,"道岔第一连接杆处，尖轨与基本轨间有()mm及以上间隙时，道岔不得锁闭。
(A)5 (B)4 (C)4.5 (D)8",B
choice,61,"四线制道岔(三相交流除外)表示电路中二极管的技术指标是()。
(A)反向电压不小于500V，正向电流不小于300mA
(B)反向电压不大于500V，正向电流不大于300mA 
(C)反向电压不小于1000V，正向电流不小于300mA
(D)反向电压不大于1000V，正向电流不大于300mA",A
choice,62,"在分线盘/柜上，测量X线(或X线)与X线端子的电压来判断道岔表示电路故障，当测得交流电压为105V,直流电压为0V,可判断为 ()。
(A)室外二极管击穿造成短路
(B)室外断线
(C)室内断线
(D)电容短路",B
choice,63,"四线制道岔控制电路中ZD6型电动转辙机电机1、2线接反时，道岔()。
(A)能转向定位
(B)能转向反位
(C)能转向与操纵意图相反的方向 
(D)不能转向",C
choice,64,"()时，进路上轨道区段的解锁顺序是从始端至终端方向逐段解锁。
(A)取消进路 (B)人工解锁 (C)正常解锁 (D)故障解锁",A
choice,65,"四线制道岔表示电路在正常工作情况下，分线盘处测得的交流电压和直流电压分别为（）伏左右。
(A) 110V和60V (B) 110V和70V (C) 70V和60V (D) 70V和50V",C
choice,66,"6502电气集中排一条发车进路需按压()个按钮。
(A)1 (B)2 (C)2～3 (D)4",C
choice,67,"四线制道岔表示电路电源来自于（）变压器。
(A) BXG-35 (B) BD1-7（2:1变比） (C) BD1-7（1:1变比） (D) ZG42/0.5",B
choice,68,"ZD6－A 转辙机在转换过程中自动开闭器接点通断正确的是（）。
(A)第1、4 排接点闭合。
(B)第1、3 排接点闭合。
(C)第1、2 排接点闭合。
(D)第2、4 排接点闭合。",A
choice,69,"正线出站信号机未开放时，（）不能开放。
(A)进站信号机的通过信号。
(B)进站信号机开放引导信号。
(C)进站信号机的接车信号。
(D)调车信号机的调车信号",A
choice,70,"6502电气集中轨道停电故障后又恢复时，防止错误解锁的保护措施有()种。
(A)1 (B)2 (C)3 (D)4",B
choice,71,"进站信号机为双黄显示时，下列关于各控制继电器的状态描叙不正确的是（）。
(A)ZXJ↑ (B)LXJ↑ (C)TXJ↓ (D)DJ↑
(D)KJ电路，由7线检查",A
choice,72,"四显示闭塞区段，高柱四显（带发车表示器）出站信号机为绿黄显示时，下列关于各控制继电器的状态描叙不正确的是（）。
(A)LXJ↑ (B)LUXJ↑ (C)DJ↑ (D)2DJ↓",D
choice,73,"在编制电气集中联锁表时，对于防护道岔的填写应在道岔号码外加()符号。
(A)| | (B)[ ] (C)( ) (D)<>",B
choice,74,"当道岔在转换或发生挤岔故障，停电或断线等故障时，必须保证DBJ和FBJ落下，因此必须使用（）。
（A）偏极继电器（B）有极型继电器（C）电码型继电器（D）非安全型继电器",A
choice,75,"下列关于信号显示关系描述不正确的是（）。
(A)四显示自动闭塞区段，出发信号机一个绿色灯光——准许列车由车站出发，表示运行前方至少有3个闭塞分区空闲。
(B)四显示自动闭塞区段，进站信号机一个绿色灯光和一个黄色灯光——准许列车按规定速度经道岔直向位置进入站内，表示次一架信号机经道岔直向位置开放一个黄灯。
(C)四显示自动闭塞区段，区间信号机一个绿色灯光——准许列车按规定速度运行，表示运行前方至少有3个闭塞分区空闲。
(D)四显示自动闭塞区段，区间信号机一个黄色灯光──要求列车注意运行，按规定限速要求越过该信号机，表示列车运行前方有两个闭塞分区空闲。",D
choice,76,"与铁路线路平行埋设的电缆，与最近钢轨轨底边缘的距离在线路外侧不少于()m。
(A)1.5 (B)2 (C)2.2 (D)2.5",B
choice,77,"ZPW-2000轨道电路中空扼流变压器在规定范围内的不平衡电流条件下其阻抗大于或等于（）Ω。
（A）10（B）12（C）15（D）17",D
choice,78,"出站(包括出站兼调车)和自动闭塞区间的单置通过色灯信号机的钢轨绝缘，可安装在信号机前方1m至后方()m的范围内。
(A)5 (B)5.5 (C)6 (D)6.5",D
choice,79,"信号电源屏当温度为10～35℃，相对湿度为5%～80%的环境中，所测得的各绝缘电阻不低于()MΩ。
(A)0.5 (B)20 (C)50 (D)10",B
choice,80,"轨道电路的两钢轨绝缘应设在同一坐标处，当不能设在同一坐标时，其错开的距离（死区段）应不大于()m。
（A）2 （B）2.5 （C）3 (D)3.5",B
choice,81,"分路状态下JWXC-2.3型轨道继电器线圈并联时，残流值应不大于() 。
(A)110mA (B)188mA (C)56mA (D)85mA",A
choice,82,"在ZPW-2000A的自动闭塞区段，当进站信号机显示绿黄灯时，进站外方第一接近轨道区段低频编码是（）Hz。
(A) 11.4 (B) 13.6 (C) 16.9 (D) 29",B
choice,83,"下列关于三相交流电动转辙机动作电路故障说明判断不正确的描述是（）。
(A)扳动道岔时，道岔表示灯照常点亮，不灭灯，则1DQJ不能正常励磁。
(B)人工操纵道岔时，控制台的道岔表示灯灭灯，待停止操纵，该表示灯又点亮,则1DQJ不能正常励磁转极。
(C)人工操纵道岔时，控制台的道岔表示灯灭灯，待停止操纵，该表示灯又点亮,则2DQJ不能正常励磁转极。
(D)扳动道岔时，表示灯灭，道岔仍不能启动,则BHJ可能未吸起或1DQJ不能自闭。",B
choice,84,"电加热元件直把手过渡段用专用卡具固定在轨腰上，距尖轨尖端距离不小于（）mm。
（A）100 （B）150 （C）200 （D）250",A
choice,85,"高速铁路进站信号机显示一个黄色闪光和一个黄色灯光表示准许列车按限速要求越过该信号机，经（）位置进入站内准备停车。
（A）道岔侧向 
（B）道岔直向 
（C）道岔直向后侧向 
（D）道岔侧向后直向",A
choice,86,"调整分动外锁闭提速道岔的密贴影响（）。
(A)锁闭量 (B)开程 (C)表示杆缺口 (D)限位块间隙",C
choice,87,"信号机械室内地线网不包括（）。
(A)网格地线 (B)环形地网 (C)10mm2扁平铜网编织线 (D)贯通地线",D
choice,88,"半自动闭塞线路电源电压应使对方站的线路继电器得到电压不少于其工作值的()。
(A)110% (B)115% (C)120% (D)130%",C
choice,89,"64D型继电半自动闭塞当甲站请求发车，乙站同意接车后，乙站有()继电器吸起。
(A)1个 (B)3个 (C)4个 (D)5个",A
choice,90,"道岔融雪装置不包括（）。
（A）电气控制柜
（B）变电站
（C）隔离变压器
（D）气象站",B
choice,91,"调整分动外锁闭提速道岔的锁闭量影响（）。
(A)开程 (B)密贴 (C)表示杆缺口 (D)动作杆",A
choice,92,"应答器固定螺栓的钻孔深度为（）mm。
（A）60 （B）70 （C）80 （D）90",D
choice,93,"ZPW-2000A无绝缘轨道电路匹配变压器的变比为（）。
(A)1：1 (B)1：7 (C)1：9 (D)6：1。",C
choice,94,"CTC分散自律调度集中采集机工作指示灯秒闪，表示()。
(A)死机(B)正在测试(C)故障报警(D)工作正常",D
choice,95,"在试验调车信号机时，发现应该点亮A灯时，发现
B、A灯都点亮，并且比正常点亮时明显暗了，这说明是（C）。
(A)B、A线混在一起了
(B)BAH、A线颠到了 
(C) BAH、B线颠到了
(D) B、A线颠到了",D
choice,96,"ZPW-2000A钢轨引接线采用截面积为（）mm2钢包铜线。
（A）70 （B）35 （C）95 （D）50",C
choice,97,"TDCS信息采集板A机和B机工作电源(＋5V，＋12V)由()提供。
(A)通信计算机 (B)UPS (C)SMP板(D)电源屏。",A
choice,98,"计算机联锁系统为调度监督、TDCS系统、信号集中监测等提供接口的是()。
(A)上位机(B)下位机(C)采集机(D)电务维修机",D
choice,99,"CTCS-2列控调车模式是动车组进行调车作业的固定模式，牵引运行时限速值为()。
(A)30km/h (B)40km/h (C)45km/h (D)50km/h",B
choice,100,"TDCS电缆传输通道引入线采用()。
(A)双绞线(B)电话线(C)屏蔽线(D)网线。",C
choice,101,"补偿电容设置在主轨道范围内，N个电容等间距布置：电容间距（步长）为△，第一个和最后一个电容距调谐单元()。
(A)△/1.2 (B)△/1.5 (C)△/2 (D)△/3",C
choice,102,"ZPW—2000A自动闭塞的移频信息的测试一般在（）上进行。
（A）发送器 (B)接收器(C)分线柜(D) 衰耗盘",D
choice,103,"匹配变压器的作用是（）
（A）变压 
(B)实现钢轨与电缆匹配链接
(C)实现钢轨与电缆匹配连接且变压
(D) 防雷",C
choice,104,"安全带的寿命一般为五年，使用（）年后，按批量抽检。
(A)1年 (B)2年 (C)3年 (D)4年",B
choice,105,"人身和携带物件，必须与接触网设备的带电部分保持()以上的距离。
(A)0.5m (B)1m (C)2m (D)3m",C
choice,106,"CTCS-3级列控系统目前满足的最高运营速度为（）km/h。
（A）120 （B）160 （C）250 （D）350",D
choice,107,"基于轨道电路和点式应答器传输信息的中国列车运行控制系统是（）。
（A）CTCS－0 （B）CTCS－2 （C）CTCS－3 （D）CTCS—4",B
choice,108,"由主体机车信号与安全型运行监控记录装置组成，点式信息作为连续信息的补充，可实现点连式超速防护功能的中国列车运行控制系统系统是（）。
（A）CTCS－1	（B）CTCS－2（C）CTCS－3 （D）CTCS—4",A
choice,109,"完全基于无线传输信息的中国列车运行控制系统系统是（）。
（A）CTCS－1 （B）CTCS－2 （C）CTCS－3 （D）CTCS—4",D
choice,110,"25Hz相敏轨道电路在调整状态下，轨道继电器轨道线圈上的有效电压不小于()V。
(A)18 (B)19 (C)20 (D)21",A
choice,111,"防止物体打击伤害不包括（）
A、进入作业区，必须按规定使用好安全帽等劳动保护用品；
B、高处和双层作业时，不得向下抛掷料具；
C、列车通过时，可以背对列车避车，防止落物击伤；
D、搬运重、大、长物时，必须有专人指挥，动作协调。",C
choice,112,"ZPW-2000A型无绝缘移频自动闭塞系统（）是用于实现主轨道电路，小轨道电路的调整。
(A)电缆模拟网络盘 (B)衰耗盘 (C)接收器 (D)发送器",B
choice,113,"下列关于空芯线圈说法不对的是()。
(A)平衡钢轨中的牵引电流
(B)平衡两线路间的牵引电流
(C)改善电气绝缘节电气特性,保证工作稳定性
(D)检查轨道电路的占用情况",D
choice,114,"道岔控制电路中，转辙机内的二极管的作用是（）。
(A)整流　　　　　(B)降压　　　　　(C)限流 (D)升压",A
choice,116,"对引入电源屏内的两路交流电源的要求不正确的是（）。
(A)具备手动转换功能。
(B)具备自动切换功能。
(C)转换断电时间应不大于0.5s。
(D)两路电源同时向电源屏供电；当其中一路电源断电时，另一路自动承担全部负荷供电。",C
choice,117,"6502电气集中电路中，出站兼调车信号机红灯断丝，其复示器（）。
(A)灭灯 (B) 闪白灯 (C) 闪红灯 (D)亮红灯",B
choice,118,"6502电气集中电路中，进站信号机红灯断丝，其复示器（）。
(A)灭灯 (B) 闪白灯 (C) 闪红灯 (D)亮红灯",C
choice,119,"6502电气集中电路中，调车信号机蓝灯断丝，其复示器（）。
(A)灭灯 (B) 闪白灯 (C) 闪红灯 (D)亮红灯",B
choice,120,"ZPW-2000A型无绝缘移频自动闭塞低频及含义不正确的是（）。
(A)F17（11．4Hz）L码 (B)F15（13．6Hz）LU码
(C)F5（24．6Hz）HU码 (D)F1（29Hz）H码",C
choice,121,"6502电气集中办理列车进路时，中间信号点的调车按钮表示灯应（）
(A)由闪光变为稳定白灯 
(B)不闪光 
(C)由闪光变为灭灯
(D)以上都不对",C
choice,122,"客货共线铁路中，关于ZPW-2000A轨道发送器正常工作条件说法不正确的是（）。
(A)有24V工作电源，但极性无要求。
(B)有且只有一路低频编码条件。
(C)有且只有一路载频条件。
(D)功出负载不能短路。",A
choice,123,"既有铁路改造施工中，下列关于信号机设置不正确的说法是（）。
(A)进站信号机可设在绝缘节前方(信号机显示方向)1m或后方1m的范围内。
(B)进站信号机可设在绝缘节前方(信号机显示方向)1m或后方6.5m的范围内。
(C)调车信号机可设在绝缘节前方(信号机显示方向)1m或后方1m的范围内。
(D)出站信号机可设在钢轨绝缘前方(信号机显示方向)1m或后方6.5m的范围内。",B
choice,124,"距接触网带电部分（）米范围内室外信号设备，其金属外壳应就近与接地端子连接。
(A) 2 （B) 5 （C) 10 （D) 1",B
choice,125,"6502电气集中的选岔顺序是（）
(A)由站外向站内 
(B)由右到左 
(C)由左到右 
(D) 由站内向站外",C
choice,126,"轨旁铁路信号设备设施不应与强电设备设施（含接触网支柱、下锚拉线）、独立接闪装置、高大建筑物共用接地端子，在综合接地系统和贯通地线上的接地连接点间距不应小于（）米。
（A）5 （B）10 （C）15 （D）20",C
choice,127,"转辙机直流电机实现反转通常使用()。
(A)改变电枢电流方向
(B)换向磁极
(C)改变励磁电流方向
(D)增加换向器",A
choice,128,"ZPW-2000A系列无绝缘轨道电路接收器和发送器采用（）V直流稳压电源、不间断供电。
（A）12 （B）24（C）60 （D）127",B
choice,129,"6502电气集中在有两个发车口的车站,往主要发车口发车时,为防止信号机关闭改点红灯前有先闪一下两个绿灯现象,电路上采用的措施是()
(A)ZXJ先于LXJ释放  
(B)LXJ先于ZXJ释放  
(C)XFJ先于ZXJ释放  
(D)XFJ先于LXJ释放",B
choice,130,"6502电气集中四线制道岔定位无表示,定位表示继电器颤动,说明（）
(A)室外开路    
(B)室内表示电路电容开路   
(C)室内继电器开路   
(D)室外二极管开路",B
choice,131,"JZXC-480型轨道电路某区段红光带,在分线盘上该区段相应的2个端子测得电压为0V,拆下分线盘上该区段1根电缆后测量拆下的电缆和另一端子,如果电压高于平时值,则（）
(A)室内开路   
(B)室内短路  
(C)室外小短路
(D)室外开路",B
choice,132,"64D型半自动闭塞中,区间开通,出站信号机开放,则（）
(A)发车站的XZJ失磁落下   
(B)接车站的XZJ失磁落下  
(C)发车站的ZKJ失磁落下   
(D)发车站的XZJ不失磁落下",A
choice,133,"计算机联锁系统控制命令的输出一般采用（）驱动方式。
（A）动态（B）静态 （C）固定 （D）随机",A
choice,134,"人工立、撤机柱时，应设专人指挥，分工明确。按每人承担不超过（）Kg的重量配备作业人员。
（A ）50（B）80 （C）100 （D ）150",A
choice,135,"电力牵引电流回流自电力机车车轮传递至钢轨起即分成两部分回流,一部分由钢轨回流,另一部分经（）回归牵引变电所。
(A)地线    (B)专线    (C)大地    (D)电缆",B
choice,136,"三个预告标志牌分别安装在进站信号机外方（）处。
（A）800m、900m、1000m 
（B）900m、1000m、1100m 
（C）1000m、1100m、1200m 
（D）1100m、1200m、1300m",B
choice,137,"采用弹簧接线端子配线时，每个接线端子应一孔不超过（）根线。
（A）1（B）2 （C）3 （D）4",A
choice,138,"计算机联锁系统的功能的核心部分是（）
(A)人-机对话功能   
(B)系统维护功能   
(C)与其他系统交换信息的功能 
(D)联锁功能",D
choice,139,"区间通过信号机红灯灭灯时，前方一架信号机应显示（）。
（A）绿灯 （B）黄灯 （C）红灯 （D）灭灯",C
choice,140,"计算机联锁采用双套互为备用的系统时,备用系统有（）种工作状态。
(A)2     (B)3       (C)4       (D)5",B
choice,141,"四显示区段的进站前方第一通过信号机应涂（）黑斜线。
（A）一条 （B）二条 （C）三条 （D）四条",C
choice,142,"进路的预先锁闭和接近锁闭是在（） ，由接近区段是否有车来区分的。
（A）信号开放前 
（B）信号开放后 
（C）进路空闲 
（D）无岔区段空闲",B
choice,143,"信号综合扭绞电缆敷设时，弯曲半径不得小于电缆外径的()倍。
 (A)5 (B)10 (C)15 (D)20",C
choice,144,"矮型调车信号机灯位自上而下的顺序是()。
(A)蓝、白 (B)白、蓝 (C)红、白 (D)红、绿

 (A) (B) (C) (D)",B
choice,146,"调车信号机的显示距离不得小于()。
(A)400m (B)300m (C)200m (D)100m",C
choice,147,"铁路技术管理的基本法规是（）。
(A)《铁路技术管理规程》 
(B)《铁路信号工施工规范》
(C)《铁路信号工程质量检验评定标准》 
(D)《铁路工程施工技术手册》",A
choice,148,"ATC含义是()
(A) 列车运行自动控制
(B) 列车自动检测
(C) 列车识别
(D) 列车自动化",A
choice,149,"ATS功能是()
(A) 进行行车调度指挥和外部系统提供信息
(B) 实现列车运行控制
(C) 传输接受各种数椐
(D) 给信号系统和司机提供接口。",A
choice,150,"在联锁表道岔栏填写[(1/3)]表示()。
(A)1/3号道岔带动到反位 (B)1/3号道岔防护在反位
(C)1/3号道岔带动到定位 (D)1/3号道岔防护在定位",B
choice,151,"正线高柱信号机最突出边缘距线路中心最小不得小于（）mm。
（A）1875 （B）2150 （C）2440 （D）2630",C
choice,152,"地面应答器应安装在两轨之间，应答器基准点低于钢轨顶面（）mm。
（A）90～200 （B）符合产品技术条件 （C）95～200 （D）100～200",B
choice,153,"当设备高出轨面1250mm时，客运专线、客货共线铁路正线的基本建筑限界均不小于（）mm。
(A)2140 (B)2120 (C)2440 (D)2420",C
choice,154,"6502大站电气集中上下行咽喉同时各办理一条进路的人工解锁，()。 
(A)只有一条进路能解锁
(B)两条进路均能解锁
(C)两条进路均不能解锁
(D)两条进路都是列车进路时有一条不能解锁",B
choice,155,"()不属于敌对进路。
(A)同一到发线上对向的调车进路
(B)同一到发线上对向的列车进路
(C)同一到发线上对向的列车进路与调车进路
(D)同一咽喉区对向重迭的调车进路",A
choice,156,"ZPW-2000A型无绝缘轨道电路在收到26.8Hz电码后，防护本区段的通过信号机点()灯。
(A)L (B)U (C)LU (D)H",B
choice,157,"在高速铁路车站，当轨道绝缘与警冲标的距离小于（）m时为侵限绝缘。
(A)3.5 (B)5 (C)4 (D)4.5",B
choice,158,"上道作业时（包括故障应急处理），联络员与防护员应保持（）联络一次，确保联系畅通。
(A)3-5分钟 (B)10分钟 (C)4-6分钟 (D)根据需要",A
choice,159,"在接近馈电线处进行长、大金属物品的搬运和施工时，其金属物距最近馈电线条之间的距离不应小于（）m；当距离不足时应办理停电申请，在确认停电后方可作业。
（A）0.5 （B）1 （C）1.5 （D）2",D
choice,160,"列车自动防护系统英文缩写是（）。
（A）ATP （B）ATO （C）ATS （D）ATC",A
choice,161,"为防止轨道电路人工短路或绝缘破损引起的错误解锁采用了（）。
(A) FDGJ 
(B) 三点检查 
(C) 向12、13线供电 
(D) KZ—GDJ条件电源",B
choice,162,"计算机联锁双机均发生故障时，允许办理引导总锁闭，此时切断本咽喉的（）。
(A)道岔启动电路的电源 
(B)道岔表示电路的电源
(C)信号机点灯电源 
(D)控制台表示",A
choice,163,"ZC-8型接地电阻测量仪在使用时，两接地棒，即电位探针P和电流探针C沿直线相距（）m。
（A）15（B）20（C）25（D）30",B
choice,164,"人工解锁进路从（）开始计算延时时间 。
（A）信号开放后 
（B）列车或车列进入进路
（C）信号关闭后 
（D）列车或车列进入接近区段",C
choice,165,"改变运行方向电路，当区间空闲时，监督区间表示灯JQD()。
(A)亮红灯 (B)亮绿灯 (C)亮黄灯 (D)灭灯",D
choice,166,"在信号集中监测系统中，列车信号主灯丝断丝属于()级报警。
(A)不报警 (B)一 (C)二(D)三",C
choice,167,"高速铁路常态灭灯的进站信号机转为点亮状态时，显示一个黄色闪光和一个黄色灯光：表示准许列车经过18号及以上位置进入站内准备停车，且进路允许速度不低于（）km/h。
（A）80 （B）60 （C）40 （D）20",A
choice,168,"在电气化区段进行信号设备安装时，首要安全措施是（）。
(A)检查工具绝缘 (B)设置防护员
(C)确认并保持与接触网的安全距离 (D)穿着防护服",C
choice,169,"内屏蔽数字信号电缆敷设时的最小弯曲半径，不得小于电缆外径的（）倍。
(A) 5 (B) 10 (C) 15 (D) 20",D
choice,170,"在CTC系统与计算机联锁系统的接口中，计算机联锁系统将（）等信息发送给CTC系统。
（A）站场实时信息、命令执行结果
（B）时钟信息
（C）无岔车站信号控制命令
（D）临时限速命令",A
choice,171,"临时限速命令通过（）设备下达到临时限速服务器。
（A）CTC （B）RBC （C）TCC （D）TSRS",A
choice,172,"某组道岔在定位状态，控制台上定位表示灯绿灯点亮，若向反位单独操纵该道岔，控制台上定位表示灯绿灯熄灭，电流表指针不动，过一会儿定位表示灯绿灯又点亮，这是因为该组道岔（）。 
（A）1DQJ因故不能吸起 
（B）1DQJ↑，2DQJ因故不能转极
（C）1DQJ↑，2DQJ转极，转辙机电路故障
（D）1DQJ、2DQJ均未吸起",B
choice,173,"如果对某道岔区段办理故障解锁，应()。 
（A）同时按下ZQA和该道岔区段的SGA 
（B）同时按下ZRA和该道岔区段的SGA
（C）同时按下ZRA和该道岔区段的CA
（D）同时按下ZDCA和道岔按钮",B
choice,174,"四线制改方电路监督区间继电器电路的作用是（）,保证只有在区间空闲时才能改变运行方向。 
(A) 监督区间是否空闲
(B) 监督信号机在开放状态
(C) 监督信号机在关闭状态
(D) 监督道岔表示",A
choice,175,"办理进路锁闭引导接车，取消进路时，其引导信号关闭的时机是()。 
(A)松开引导按钮YA后YXJ↓
(B)办理引导进路解锁YJJ↑→YXJ↓
(C)车进入进路内第一个区段ⅠAGJ↓→YXJ↓
(D)车完全进入股道后YXJ↓",B
choice,176,"ZPW-2000A 轨道电路的主要电气绝缘节设备是（）。
(A)扼流变压器 (B)调谐单元（BA） (C)补偿电容 (D)防雷单元",B
choice,177,"三相电动机电源线中，任意两根线对调会使电动机()。 
(A)转速变慢 (B)转速变快 (C)不转 (D)反转",D
choice,178,"普速线路设备限界要求，轨旁设备轨面高度大于 1100mm 时，设备最外沿距线路中心不小于（）。
(A) 1750mm (B) 1850mm (C) 2440mm (D)2600mm",C
choice,179,"在CTC车站系统中，()是整个系统的核心。
(A)维修机 (B)操表机(C)联锁机(D)自律机",D
choice,180,"《铁路通信信号设备综合防雷技术规范》规定，信号设备专用贯通地线的接地电阻值不应大于（）Ω。
(A) 1 (B) 2 (C) 4 (D) 8",A
choice,181,"ZPW-2000型设备中，采用屏蔽电缆，其使用原则是：两个频率相同的（）不能设置在同一屏蔽四线组内。
(A)发送与接收 (B)发送 (C) 接收 (D)发送或接收",D
choice,182,"施工企业在需要实施旁站监理的关键部位施工前（），应书面通知监理机构。
(A) 24 小时 (B) 36 小时 (C) 48 小时 (D) 72 小时",A
choice,183,"《高速铁路信号工程细部设计和工艺质量标准》规定：信号设备室内布置的电源屏与电源屏、电源屏与组合柜之间的距离不应小于（）m。
(A) 1.0 (B) 1.2 (C) 1.5 (D) 1.8",C
choice,184,"()是有加强接点的有极继电器。
(A)JYXC-660 (B)JYXC-270
(C)JYJXC-135/220 (D)JWJXC-H125/0.44",C
choice,185,"在联锁表中，道岔一栏中填写符号()，表示将2号道岔带动到定位。 
(A)(2) (B)[2] (C){2} (D){120}",C
choice,186,"调整驼峰轨道电路，用（）Ω导线短路轨道电路区段时，轨道继电器的衔铁应可靠落下，落下时间不大于0.2 s。
(A)0.06 (B) 0.15 (C)0.6 (D)0.5",D
choice,187,"联锁表中“<12>2-12DG”表示的含义（）。
（A）2-12DG为同一道岔区段 （B）12道岔为带动道岔
（C）2-12DG有超限绝缘 （D）若12#道岔在定位，应检查2-12DG空闲",D
choice,188,"进站信号机应设在距离进站最外方道岔尖轨尖端（顺向为警冲标）不小于()的地点，根据需要可适当延长。
(A)30m(B)40m(C)50m (D)60m",C
choice,189,"CTCS-2级列控系统车载设备有（）种控车模式。
(A)5(B)6(C)7 (D)8",C
choice,190,"安全带使用（）后，应按批量购入情况抽检一次。若合格，该批安全带可继续使用，对抽试过的样带，必须更换安全绳后才能继续使用。
(A)1年(B)2年 (C)3年 (D)4年",B
choice,191,"《中华人民共和国安全生产法》规定：国家对严重危及生产安全的工艺、设备实行（）制度。
(A)安全管理 (B)淘汰 (C)论证 (D)评估",B
choice,192,"道岔转换设备安装后，在第一连接杆处，尖轨与基本轨间应有()mm及以上间隙时，道岔不得锁闭。
(A) 2 (B) 4 (C) 6 (D) 8",B
choice,193,"精益化工位制管理提出的三自管理不包括()。
(A)设备自有 (B)队伍自管 (C)生产自控 (D)工艺自定",D
choice,194,"营业线施工“三不离”说法错误的是（）。
(A)工作完成后不彻底试验良好不离
(B)影响正常使用的设备缺点未维修好前不离
(C)发现设备有异状时未查清原因不离。
(D)不调试好设备不离。",D
choice,195,"当两架信号机间的距离小于400m时，前架信号机的显示必须（）。
（A）重复后架信号机的显示 （B）根据联锁要求显示
（C）显示降级信号 （D）灭灯",A
choice,197,"BE1K-800型扼流变压器牵引线圈中点允许通过连续总电流为（）。
（A）400A（B）600A（C）800A（D）1000A",C
choice,198,"三相异步电动机的“异步”是指转子的转速总是（）旋转磁场的转速。
(A) 大于 (B) 小于 （C）异于 （D）等于",B
choice,200,"《高速铁路信号工程细部设计和工艺质量标准》规定：电缆应在电缆引入室进行一次成端，宜在综合柜/防雷分线柜底部进行二次成端，室内成端应使用专用电缆成端盒，一次成端应采用（）个端子柱的成端盒，二次成端应采用（ C ）个端子柱的成端盒。
（A）1、1 （B）1、2 (C) 2、1 (D) 2、2",C
choice,201,"列车自动控制系统英文缩写是（）。
（A）ATP （B）ATO （C）ATS （D）ATC",D
choice,202,"HF—7方向盒最大可容纳六柱端子的个数为（）个。
（A）7 （B）9 （C）10 （D）11",D
choice,203,"在钢轨上钻孔应使用专用钻孔机具，连接线安装孔两侧应采用专用（）倒角工具进行倒角，其深度为0.8～1.5mm。
（A）30°（B）45° （C）60° （D）90°",B
choice,204,"《铁路技术管理规程》（普速铁路部分）规定：在地形、地物影响视线的地方，进站、通过、接近、预告、遮断信号机的显示距离，在最坏的条件下，不得小于（）。
（A）100m （B）200m （C）300m （D）400m",B
choice,206,"《铁路技术管理规程》（普速铁路部分）规定：在自动闭塞区段内，当货物列车在设于上坡道上的通过信号机前停车后起动困难时，在该信号机上应装设（）。
（A）准许信号 （B）遮断信号 （C）容许信号 （D）预告信号",C
choice,207,"《铁路技术管理规程》（普速铁路部分）规定：装备在机车上的LKJ设备应按高于线路允许速度2km/h报警、3km/h卸载、5km/h常用制动、（）紧急制动设置模式曲线。
（A）5km/h （B）6km/h （C）7km/h （D）8km/h",D
choice,208,"《铁路技术管理规程》（普速铁路部分）规定：CTCS-2列控系统完全监控模式下按高于线路允许速度2km/h报警、5km/h常用制动、（）紧急制动设置模式曲线。
（A）5km/h （B）10km/h （C）15km/h （D）20km/h",B
choice,209,"《铁路技术管理规程》（高速铁路部分）规定：计算机联锁设备具备与列控中心、（）、调度集中系统或列车调度指挥系统的接口功能，在CTCS-3级区段还应具有与无线闭塞中心等设备的接口功能。
（A）道岔融雪系统 （B）道岔缺口监测系统 
（C）信号集中监测系统 （D）ZPW-2000轨道电路监测系统",C
choice,210,"《铁路技术管理规程》（高速铁路部分）规定：CTC应具备（）模式。
（A）1 （B）2 （C）3 （D）4",B
choice,211,"《铁路技术管理规程》（高速铁路部分）规定：CTCS-3级列控车载设备的引导模式，在进站或出站建立引导进路后，列控车载设备按照最高限速（）控车的模式。
（A）40km/h （B）50km/h （C）60km/h （D）80km/h",A
choice,212,"施工中发生设计变更，正确的处理流程是（）。
(A)施工单位直接按变更施工
(B)经设计单位出具变更单，经施工单位项目总工审签后实施
(C)现场监理口头同意后即可施工
(D)项目经理同意后即可施工",B
choice,213,"电动转辙机道岔电路中，R1、R2电阻的作用是防止室外负载（）时烧毁道岔表示变压器。
（A）过大 （B）过小 （C）开路 （D）短路",D
choice,214,"《高速铁路信号工程细部设计和工艺质量标准》规定：区间电缆敷设应按照应答器电缆、轨道发送电缆、信号机电缆、轨道接收电缆从槽道线路侧向外侧依次排列，每隔（）采用绝缘扎丝进行绑扎编组。
（A）50m （B）100m （C）150m （D）200m",B
choice,215,"《高速铁路信号工程细部设计和工艺质量标准》规定：箱盒配线施工工艺质量控制要点要求，将芯线梳理、分组、编号，在电缆成端根部增加印有（）的胶管，并露在胶面上。
（A）电缆型号 （B）电缆用途 （C）电缆组别 （D）电缆长度",C
choice,216,"《高速铁路信号工程细部设计和工艺质量标准》规定：信号标志牌施工工艺质量控制要点要求，接触网支柱与区间信号标志牌连接的卡箍折弯处应加装（）防护。
（A）橡胶垫 （B）塑料垫 （C）金属垫 （D）纸质垫",A
choice,217,"补偿电容塞钉引线与轨底面成（）夹角。
（A）300～500（B）300～600 （C）400～500 （D）400～600",B
choice,218,"综合护套、铝护套信号电缆在20℃时导体直流电阻（芯线直径1.0mm）为（）Ω/km。
（A）22.5±1 （B）≤9.9 （C）≤23 （D）28±2",C
choice,219,"室外主干电缆采用电缆槽道敷设方式时，留足一次做头余留量，（）以下的分支电缆长度可不做余留。
（A）50m （B）100m （C）150m （D）200m",A
choice,220,"副保护管电缆沿盒的边缘绑把分线并严禁与盒边缘接触，数字电缆副保护管线把严禁形成（）。
(A)一字形 (B)闭合圈 (C)十字状 （D）交叉状",B
choice,221,"电缆与室内、外设备未连接前，应检查电缆外护套层有无破损。对其线间绝缘、芯线对地绝缘进行全程测试，并填写测试记录，其测试结果不应小于（）MΩ/km。
(A)10 (B)20 (C)30 （D）40",B
choice,223,"信号各子系统调试时，各子系统时钟应与（）相同步。
(A)联锁系统 (B)列控系统 (C)CTC （D）集中监测系统",C
choice,224,"电源屏主、备电源的转换时间（自动或手动）不应大于（）s。
(A)0.1 (B) 0.15 (C)0.2 （D）0.25",B
choice,225,"调整信号机点灯远程变压器、信号点灯单元，使信号机灯端电压为额定值的（），调车信号为75%～95%；使灯丝继电器电流应在最小可靠工作值的120%～140%范围内；室外灭灯时，相应灯丝继电器落下。
(A) 75%～90% (B) 80%～95% (C) 85%～90% （D）85%～95%",D
choice,226,"CTCS-2级列控车载设备在部分监控模式下引导接车时，列控车载设备接收到的轨道电路信息为HB码，人机界面（DMI）显示固定限速值()。
(A)15km/h    (B)20km/h    (C)25km/h    (D)30km/h",B
choice,227,"根据计算，控制某组双动道岔所需的电缆芯线为11芯（含电话线），这时应该选用（）芯电缆。
（A）12（B）19（C）14（D）16",C
choice,228,"应答器X轴基准标记应设于两钢轨中间S/2处，X轴基准标记沿Y轴方向允许横向偏移为（）
(A) S/2±5mm    (B) S/2±10mm    (C) S/2±15mm    (D) S/2±20mm",C
choice,229,"正常情况下，应答器上平面应与两钢轨平行，左右面应与钢轨平行，安装角度以X轴旋转（倾斜）允许误差为（）
(A) ±1°      (B)±2°     (C)±3° (D)±4°",B
choice,230,"电源引入防雷箱内接地端子可直接就近与综合接地端子或环形接地装置单点冗余连接，连接线应采用截面积不小于（）铜导线。
(A) 6mm²       (B)10mm²      (C)25mm²     (D)50mm²",D
judge,1,施工企业应总结项目质量管理策划结果的实施情况，并将其作为质量分析和改进的信息予以保存和利用。,√
judge,2,列控基础数据包括工务、电务、供电和牵引供电专业等基础数据。,×
judge,3,在进站信号机点灯电路中，混线防护采用了位置法和双断法，以及变压器隔离法。,√
judge,4,一般情况下正向运行的RBC移交点外方第一个轨道区段采取延时吸起措施。,√
judge,5,25Hz相敏轨道电路送电端的限流电阻不能调至0Ω。,√
judge,6,列车信号机在关闭时，允许灯光的主灯丝断丝，能自动报警。,×
judge,7,进路第一次人工解锁后，再次排列后，信号仍不开放，此时解锁进路可不延时。,√
judge,8,转辙装置各种联接杆的调整丝扣余量不小于20mm。,×
judge,9,轨道电路电源停电又恢复后，控制台上亮白光带。,×
judge,10,任何进路只要始端信号点的JXJ被选出，则始端按钮表示灯即亮稳定灯光。,×
judge,11,道岔1DQJ3—4线圈为励磁电路，它的作用是检查道岔区段是否在锁闭状态和道岔区段是否有车。,√
judge,12,进路选出是指进路中的道岔转至规定位置并给出相应表示。,√
judge,13,在选排进路中所选的信号点及道岔位置都是由左至右顺序选出的。,√
judge,14,增设的空扼流变压器距电气绝缘节的中心或机械绝缘节不小于50m。,√
judge,15,ZPW－2000A无绝缘轨道电路既适用于电化区段也适用非电化区段。,√
judge,16,CTC的所有采集信息都是从信号集中监测系统传送过来的。,×
judge,17,CTC的车站控制模式是由调度员来控制列车进路的开放。,×
judge,18,ZPW－2000A自闭工程中完全等电位线是指上、下行线间两空芯线圈（或扼流变压器）中心连接后经纵向防雷接入贯通地线。,×
judge,19,CTC型分散自律调度集中系统在分散自律模式下，联锁操作和CTC操作同样有效。,×
judge,20,CTC、TDCS设备故障时，不影响车站联锁设备和区间闭塞设备的正常工作，不应导致车站联锁设备和区间闭塞设备的错误动作。,√
judge,21,在ZPW－2000A轨道电路任一处用标准分路电阻分路轨面，通过分路电阻的电流为机车信号短路电流。,√
judge,22,电气绝缘节-机械绝缘节间轨道电路的传输长度与电气绝缘节-电气绝缘节间轨道电路的传输长度不相同。,×
judge,23,防止重复开放信号试验：只需开放信号后，切断一次进路内道岔表示，信号不得自行重复开放。,×
judge,24,一送多受轨道电路，同一道岔区段最多不应超过3个接收端。,√
judge,25,半自动闭塞是以出站信号机显示允许信号作为列车占用区间的凭证。,√
judge,26,64D型继电半自动闭塞，当接车站JBD亮红灯时，说明列车已到达。,×
judge,27,在ZPW－2000A系统中载频为1700－1与1700－2的信号为同频信号，不能同缆。,×
judge,28,增设的空扼流变压器不应设于ZPW－2000A调谐区内方。,√
judge,29,CTCS-2级作为CTCS-3级的后备系统，当无线闭塞中心或无线通信故障时，CTCS-2级列控系统控制列车运行。,√
judge,30,侧线出站信号机的红灯主副灯丝都断丝时，则不能再开放允许信号。,×
judge,31,双动道岔的两个道岔动作顺序总是从左到右顺序动作的。,×
judge,32,调车信号机点亮A灯时，在分线盘用万用表测量B、A线之间有220V的电压。,√
judge,33,在电缆配线图中，有一个端子上写的是Ⅳ-2，说明该端子上的电缆线是绿色的。,×
judge,34,计算机联锁系统联锁备机只有在同步状态下才能真正成为热备机。,√
judge,35,进路接近锁闭后，车站值班员可先取消信号，然后用区段故障法解锁进路。,×
judge,36,同一咽喉区内顺向重叠的列车进路是敌对进路。,√
judge,37,在自动闭塞区段，列车占用区间的凭证是出站、通过信号机的绿灯、双绿和黄灯。,×
judge,38,在营运线开挖作业前，施工单位应与相关单位对光电缆路径、交叉施工的项目等进行定测，对前期预设的沟、槽、管、线进行核查。开挖作业应有可靠的防护和抢修措施。,√
judge,39,CTC型分散自律调度集中系统在非常站控状态下，联锁操作有效，CTC操作无效。,√
judge,40,办理进路和重复开放信号时不准长时间按压始端按钮。,√
judge,41,CTC系统具备列车及调车进路的控制、列车运行监视、车次号跟踪等功能。,√
judge,42,同一股道两端不能同时向本股道办理调车进路。,×
judge,43,正线出站信号机在办理始发列车进路或通过进路时，其接近区段都是股道。,×
judge,44,无岔区段有车占用时允许向该区段排列调车进路。,√
judge,45,四线制道岔表示电路，如果二极管极性接反了，则道岔定、反位都没有表示。,√
judge,46,从业人员在作业过程中，应当严格遵守本单位的安全生产规章制度和操作规程，服从管理，正确佩戴和使用劳动防护用品。,√
judge,47,到发线接车时，进站信号机显示二个黄色灯光，首先接通的是一黄灯电路，然后是二黄灯电路。,×
judge,48,股道红光带受该股道GJ控制，只要GJ落下，所有股道内的红光带都亮。,×
judge,49,信号点灯电路是故障-安全电路。因此，电路技术条件中要求允许灯光灭灯时要使信号降级显示。,√
judge,50,X进站信号机亮两个黄灯。若一黄灯主、副灯丝断丝灭灯，1DJ落下。因二黄灯点灯电路没经过1DJ的接点，所以二黄灯还保持亮灯。,×
judge,51,对锁闭的区段应能实施区段故障解锁；列车或车列占用进路后，其运行前方区段不能实施区段故障解锁。,√
judge,52,侧线接车信号开放后2U主副灯丝双断（单灯泡），信号机显示红灯。,√
judge,53,S700K型交流电动转辙机和ZD6直流电动转辙机电路中二极管作用是相同的。,×
judge,54,道岔区段的DGJ一旦落下，则FDGJ必然吸起。,×
judge,55,引导信号的开放，应检查所属主体信号机红灯在点灯状态。,√
judge,56,信号因故关闭，当故障恢复时，按压进路始端按钮，即可重新开放信号。,√
judge,57,调车时当车压入信号机内方，调车信号机即自动关闭。,×
judge,58,25Hz交流轨道电路的分路灵敏度应为0.15Ω。,×
judge,59,计算机联锁设备采用双套互为备用系统时，若主机发生故障，系统只能手动倒向备机，而不能自动倒向备机。,×
judge,60,电气化区段轨道电路加设适配器，是为了进一步改善牵引电流对轨道电路的干扰状况。,√
judge,61,电力牵引区段的轨道电路，当不平衡牵引电流在规定值以下时，应保证调整状态时轨道继电器可靠吸起。,√
judge,62,25Hz相敏轨道电路送、受电端轨道变压器至扼流变压器的接线电阻不大于0.3Ω。,√
judge,63,智能电源屏两路电源不论手动或自动切换，其时间不超过0.15s。,√
judge,64,64D继电半自动闭塞电路中准备开通ZKJ采用缓放型继电器。,√
judge,65,单线站间联系电路发车锁闭继电器FSJ吸起时，反映发车进路处于锁闭状态。,×
judge,66,CTC型分散自律调度集中系统车站系统自律机不能进行列车车次号跟踪。,×
judge,67,CTC型分散自律调度集中系统车站自律机系统一般要求为双机冷备制式。,×
judge,68,CTC型分散自律调度集中系统当车站自律机与中心子系统网络通信中断后，系统应立即自动报警。,√
judge,69,CTC型分散自律调度集中系统车站自律机与操作表示机进行平行互联。,×
judge,70,衰耗盘主轨信号与小轨信号都要经过1:3升压变压器输出至接收器。,×
judge,71,TDCS安全防护地线是为了防止因绝缘破损而遭受触电危险。,√
judge,72,调度集中总机只用于接收分机传来的设备状态信息。,×
judge,73,ZPW-2000A区间与站内电码化发送器型号相同。,√
judge,74,电缆引入时，楼层间电缆应分段固定，分段间距不宜大于2000mm。,√
judge,75,ZPW-2000A机车信号的轨道入口电流1700Hz、2000Hz和2300Hz时大于500mA，2600Hz时大于450mA。,√
judge,76,生产经营单位的从业人员不服从管理，违反安全生产规章制度或者操作规程的，由生产经营单位给予批评教育，依照有关规章制度给予处分；构成犯罪的，依照刑法有关规定追究刑事责任。,√
judge,77,ZPW-2000A发送器同时可以产生多个低频信息。,×
judge,78,载频1700Hz、2300Hz用于下行线路，载频2000Hz、2600Hz用于上行线路。,√
judge,79,三相交流电动机的旋转磁场的旋转方向与三相交流电的相序是一致的。,√
judge,80,ZPW-2000A自动闭塞进站口处与区间信号点采用的空心线圈型号相同。,×
judge,81,ZPW-2000A自动闭塞调谐区两端调谐单元不可以调换使用。,√
judge,82,ZPW-2000系列无绝缘轨道电路采用调谐式电气绝缘节，沿钢轨按规定距离布设补偿电容，进行传输补偿。,√
judge,83,两相邻平行ZPW-2000系列无绝缘轨道电路采用相同载频时，必须具备可靠的邻线干扰防护能力。,√
judge,84,ZPW-2000A通过信号机应设置于运行正方向发送端调谐单元前方1m或后方6.5m处。,×
judge,85,当四线制道岔表示电压用半波整流的万用表测试时，会出现交流电压为零，表笔对调后电压正常。,√
judge,86,双动道岔的两个道岔是同时动作的。,×
judge,87,S700K型电动转辙机锁舌的正常弹出用于阻挡转辙机的保持联结器的移动，实现转辙机的内部锁闭。,√
judge,88,进站内方第一个轨道区段故障时，值班员要一直按压引导按钮，开放引导信号，直到列车驶入信号机内方才可以松手。,√
judge,89,CTCS－2级由主体机车信号+安全型运行监控记录装置组成。,×
judge,90,CTCS－3级是基于无线传输信息并采用轨道电路等方式检查列车占用的列车运行控制系统。,√
judge,91,ZPW-2000无绝缘轨道电路调谐区长度，在任何条件下均为29m，不得变动，否则将会影响轨道电路参数变化。,×
judge,92,在电力牵引区段更换轨道电路设备时，必须切断扼流变压器的轨道侧回路。,×
judge,93,钢轨引接线打入钢轨后，塞钉头部应露出钢轨1～4mm。,√
judge,94,道岔试验时，室内外人员必须共同确认道岔实际开通位置与控制台定、反位表示及继电器的状态一致。,√
judge,95,当列车与前行列车的间隔较长时，可以在行车间隙进行施工。,×
judge,96,S700K型电动转辙机滚珠丝杠一方面将电动机的旋转运动变成丝杠的直线运行；另一方面起到减速作用，减速比取决于丝杠的螺距。,√
judge,97,S700K型电动转辙机当道岔的挤岔阻力超过弹簧设定压力时，动作杆滑脱，实现挤岔时的整机保护。,√
judge,98,S700K型电动转辙机，保持连接器是转辙机的挤脱装置，利用弹簧的压力通过槽口式结构将滚珠丝杠与动作杆连接在一起。,√
judge,99,S700K型电动转辙机，根据现场实际需要，保持联结器可采用可挤型和不可挤型。,√
judge,100,当设备高度为1250mm时，客运专线、客货共线铁路正线的基本建筑限界均不小于2440mm。,√
judge,101,ZPW-2000A轨道电路接收器由本接收“主机”及另一接收“并机”两部分构成。,√
judge,102,ZPW-2000A自动闭塞进站口处与区间信号点采用的空心线圈型号不相同。,√
judge,103,信号干线电缆所设专用屏蔽地线，其接地极引线允许接至扼流变压器中心连接板。,×
judge,104,客运专线应答器数据传输电缆弯曲半径不得小于电缆外径的15倍。,×
judge,105,客运专线区间信号标志牌距调谐区调谐单元为1000mm±200mm。,√
judge,106,客运专线区间信号标志牌在路基和桥梁地段应安装在接触网支柱上，隧道地段应安装隧道壁上。标志牌下边缘距轨面高度为1 600mm±15mm。,√
judge,107,道岔融雪装置的隔离变压器最凸出边缘距钢轨内缘不应小于1500mm。,√
judge,108,客运专线进站口处的调谐匹配单元（PT）和机械绝缘空芯线圈(XKD)背对背安装在同一设备防护罩内。空芯线圈和调谐匹配单元用的防雷单元，安装在另一防护罩内。,√
judge,109,客运专线上补偿电容遇有应答器时，电容调整位置允许偏差±650mm。,×
judge,110,凡在输气、输油管道及其设施附近进行施工，有可能影响管道及设施安全运营时，应事先与有关单位取得联系，采取保护措施后方可施工。施工单位应在施工现场设置“严禁烟火”标志。,√
judge,111,调车防护应答器组内相邻应答器间的距离不应超过5m。,×
judge,112,CTC设备通过系统网络向车站下达计划和调度命令。,√
judge,113,城市轨道交通信号系统的功能与铁路一样，主要包括联锁、闭塞、列车控制和调度指挥四个方面。,√
judge,114,城市轨道交通信号自动控制最大的特点是把联锁关系和ATP编/发码功能结合在一起，且包含一些特殊的功能。,√
judge,115,城市轨道交通采用与铁路相同的色灯信号机，其设置位置和信号显示与铁路相同。,×
judge,116,城市轨道交通列车运行进路控制采用两级控制：控制中心控制和车站工作站控制。,×
judge,117,城市轨道交通采用右侧行车制，其地面信号机设于列车运行方向的右侧。,√
judge,118,城市轨道交通的道岔控制分单动道岔、双动道岔及带动道岔等。,×
judge,119,城市轨道交通在最大通过能力大于30对/h的线路，应采用完整的ATC系统，实现行车指挥和列车运行自动化。,√
judge,120,城市轨道交通移动闭塞的特点是前、后两列车都采用移动式的定位方式。,√
judge,121,城市轨道交通的列车驾驶模式在满足一定条件后可以相互转换。  √ ）,
judge,122,在分散自律状态下，调度中心调度员可以取消车站办理的调车进路。,×
judge,123,U2码：要求列车注意运行，预告地面信号机显示两个黄色灯光。,√
judge,124,CTC系统与联锁系统检查的安全条件是一致的。,×
judge,125,ZPW－2000A系统中27.9Hz低频频率只作为轨道电路占用检查，不得作为机车信号信息使用。,√
judge,126,简单等电位线是指上、下行线间两空芯线圈（或扼流变压器）中点连接后直接接入贯通地线。,√
judge,127,设置有TSRS的高速铁路在下达临时限速时受令处所不需要选择相关车站。,√
judge,128,轨道电路跳线和引接线穿越钢轨处，距轨底不应小于25mm。,×
judge,129,采用计算机联锁的CTC车站，CTC对某组道岔设置“道岔封锁”后，车站和调度中心均不能单操该道岔。,√
judge,130,CTC服务器程序都是双机互备运行，当一套出现问题时，另外一套应能自动切换到主机位置。,√
judge,131,直接涉及行车安全的TDCS、CTC等系统，必须自成体系，单独成网，独立运行，同时可以与其他系统直接联网。,×
judge,132,S700K型电动转辙机下层检测杆用于监督拉入密贴的尖轨或心轨伸出时的工作状态。,×
judge,133,应答器设置应符合设计要求，应答器组内相邻应答器间的距离为5m。,×
judge,134,在ZPW-2000A型无绝缘轨道电路中，用调谐区轨道电路工作门限值即可实现对BA断线的检测。,√
judge,135,用轨道电路测试盘同时可以测试多个区段的轨道电路继电器交、直流电压值。,×
judge,136,当移频自动闭塞分区有车占用时，接收设备仍能收到本区段发送的移频信息。,×
judge,137,交流电力牵引区段室外的信号干线电缆应使用综合护套信号电缆。,×
judge,138,设置有TSRS的高速铁路列控限速命令下达后会在调度台给出激活时机和设置时机的辅助提示。,√
judge,139,ZPW-2000A系列无绝缘轨道电路在最不利条件下，用0.06Ω分路电阻在轨道电路任一处轨面分路时（电气绝缘节区域内除外），轨道电路接收器输入电压，不大于140mv。,×
judge,140,信号集中监测系统对交流连续式轨道电路进行监测时，监测点应该是受电端的轨道继电器线圈两端的交流电压。,√
judge,141,CTCS-3级列控系统车载设备速度容限规定为超速2km/h报警、超速15km/h触发常用制动。,×
judge,142,ZPW-2000A轨道电路中，若受电端BA断线，接收端电压降低；送电端BA断线，接收端电压升高。,×
judge,143,信号集中监测系统中正常的关机顺序为：先关掉工控机，显示器，网络设备，再关掉各采集机，最后关UPS。,√
judge,144,临时限速服务器不具备故障自诊断功能。,×
judge,145,临时限速服务器应只允许撤销待执行的临时限速命令。,√
judge,146,电缆设电缆槽防护时，应符合设计要求，其埋深为盖顶面距地面200～300 mm。,√
judge,147,控制台电流表指针摆动，说明道岔正在启动，表示1DQJ自闭电路接通。,√
judge,148,消防设施应有防雨、防冻措施，并定期进行检查。消防器材应放置在明显、易取处。有关材料应在有效期内。,√
judge,149,ZPW-2000A型无绝缘轨道电路，室内电线、电缆布线禁止出现环。,√
judge,150,经中岔的调车进路与接车进路和发车进路均按敌对关系处理。,×
judge,151,CTCS-3级列控系统成功采用目标距离连续速度控制模式、设备制动优先、GSM-R无线网络传输、信号安全数据网等先进技术。,√
judge,152,异物侵限现场采集设备安装主要包括支架、监测电网和现场控制器。,√
judge,153,信号设备防雷措施的原则技术手段有避、放、挡。,√
judge,154,股道有效长是指股道全长范围内可以安全停留机车车辆的一段。,√
judge,155,用电桥对含有电容的设备进行测试时，电容不必放电可立即测量。,×
judge,156,信号设备无论各地区雷暴日数量的多少，都应采用同样的防雷措施。,×
judge,157,交流电力牵引区段信号设备的金属导体部分外缘与接触网带电部分距离不得小于2000 mm。,√
judge,158,ZPW-2000A轨道电路在衰耗盘的“轨道输入”塞孔上测得主轨电压和小轨电压是同一种载频。,×
judge,159,电动转辙机ZD6-A165/250型，型号中“165”表示动程为165mm。,√
judge,160,四线制改方电路中，方向继电器电路平时由接车站方向电源向发车站送电。,√
judge,161,四线制改方电路监督区间继电器电路的作用是监督区间是否空闲。,√
judge,162,冷封胶灌注胶面应高于芯线根部20mm以上。,√
judge,163,LED信号机当LED灯管故障数至报警门限值以下时，正常LED灯管应继续点亮 ，并能及时接通报警电路。,√
judge,164,CTCS—2系统连续传输的行车许可信息即轨道电路追踪码序是：L5、L4、L3、L2、L、LU、U、HU。,√
judge,165,站内进路上的轨道区段在前方占用或本区段解锁后，发码应维持原方向。,√
judge,166,当信号机红灯灯丝断丝时，本区段发送H码防护，后续区段按轨道电路正常编码逻辑发码。,×
judge,167,落物灾害发生时，列控中心控制灾害闭塞分区轨道电路发H码，相关信号机关闭。,√
judge,168,融雪设备由车站控制终端、控制柜、气象站、电加热元件、隔离变压器、轨温传感器等组成。,√
judge,169,应答器用于向CTCS-2机列控系统车载设备提供线路速度、线路坡度、轨道电路、临时限速等线路参数信息。,√
judge,170,钢轨上连接线、跳线的安装孔中心与钢轨焊缝距离不得小于400mm。,√
judge,171,安装在基本轨内侧轨腰处的两根平行的电加热元件间隙不大于20mm。,×
judge,172,在TCC维护终端机的工况图上LEU与应答器的连线为绿色时，表示通道正常。,√
judge,173,分动外锁闭道岔调整的基本顺序：先调整第一牵引点，再调整第二牵引点；先调密贴，再调锁闭量，最后调表示缺口。,√
judge,174,分动外锁闭道岔尖轨与基本轨的密贴，可动心轨与翼轨的密贴调整均通过在锁闭铁与锁闭框之间增减调整片来进行。,√
judge,175,ZDJ9道岔的密贴调整杆、表示杆等其水平方向的两端高低应不大于5mm。,√
judge,176,电气化区段轨道电路加设适配器于接收电路前端，其目的是对稳定干扰和冲击干扰中大的不平衡牵引电流(主要是50Hz成分)进行滤波。,√
judge,177,融雪装置为车站联锁系统的室外基础设备之一 。,×
judge,178,LEU的功能是一台LEU只可以向一台有源应答器发送一种不同的报文。,×
judge,179,断线故障查找时，万用表笔借助一极性电源不动，另一表笔采取分段测量的方法进行查找，电流突变点即为断线点。,×
judge,180,为防止相互干扰，信号机、电动转辙机以及轨道电路送、受电端用电缆原则上不应共用同一根电缆中的芯线，应考虑分缆设置。,√
judge,181,计轴设备磁头应安装在两轨枕间的钢轨轨腰处，且应避开轨距杆等金属部件。,√
judge,182,计轴设备故障排除后，未经人工办理，不得自动复位。,√
judge,183,防雷电路的配线应与其他配线分开，其他设备不准借用防雷设备的端子。,√
judge,184,靠近应答器下部尾缆固定点距应答器应大于150mm。,×
judge,185,在CTCS-2/CTCS-3常态灭灯时，其车站的进站、出站、进路信号机及线路所通过信号机应灭灯。,√
judge,186,设备调试时CTC自律机向CBI联锁发送控制命令信息、站场表示信息。,×
judge,187,设备调试时RBC无线闭塞中心向TSRS临时限速服务器发送临时限速执行结果、通信检测及收到临时限速命令回执信息。,√
judge,188,CTCS-3级列控系统由地面设备、车载设备、信号数据传输网络、GSM-R无线通信网络构成。,√
judge,189,LKJ列车运行监控记录装置是CTCS-2级列控地面设备之一。,×
judge,190,CTC系统应用服务器的主要功能是处理CTC内部数据与业务流程。,√
judge,191,道岔控制电路中，转辙机内的二极管的作用是限流。,×
judge,192,区间级间转换标志牌设在CTCS-2/CTCS-3级区段区间闭塞分区分界处。,√
judge,193,出站信号机有两个及以上的运行方向，而信号显示不能分别表示进路方向时，应在信号机上装设进路表示器。,√
judge,194,集中联锁车站的进站、进路、出站信号机，通过信号机，当机车或车辆出清该区段信号机后自动关闭。,×
judge,195,调车信号机在调车车列全部越过调车信号机后自动关闭。,√
judge,196,CTC 应能实时自动采集列车运行及现场信号设备状态信息，完成列车运行实时追踪、无线车次号校核、自动报点等功能。,√
judge,197,自动闭塞区间，遇轨道电路发生故障等情况，需使用总辅助按钮加发车辅助（或接车辅助改变闭塞方向。,√
judge,198,信号机设在列车运行方向的左侧或其所属线路的中心线上空。反方向运行进站信号机可设在列车运行方向的左侧；其他特殊地段因条件限制，需设于左侧时，须经铁路局批准。,×
judge,199,既有线拆配线作业必须要有经审核批准的施工配线图，作业前必须进行 “图物核对”，作业后必须进行联锁试验和电气特性测试。,√
judge,200,较大车站电气集中联锁表中，敌对信号栏填写的 <（101）>D101，表示当 101 道岔在定位时，D101 信号机为所排进路的敌对信号。,×
judge,201,按压总人解按钮 ZRA 期间，单独操纵道岔不能使道岔转换。,√
judge,202,25Hz 相敏轨道电路电子接收器的工作电压为直流 18V。,×
judge,203,25Hz 带扼流变的轨道区段 I 次侧熔断器为 10A，II 次侧熔断器为 1A,×
judge,204,ZPW-2000A 型无绝缘移频自动闭塞系统室内部分由发器、接收器、衰耗器、电缆模拟网络防雷组合组成。,√
judge,205,ZPW-2000A 型无绝缘移频自动闭塞两个频率相同的发送与接收不能使用同一根电缆。,√
judge,206,K5B 系统的输出采用静态输出方式。所有受计算机驱动的继电器全部采用直流安全型继电器。继电器工作所需的 24V 电源由微机系统给出，不使用信号电源屏的 KZ24V。微机输出口送出 24V+，继电器线圈的负端连到公共回线，回到电源的负极。,√
judge,207,K5B 系统两路直流 24V 电源中的一路称为逻辑 24V（用符号 L24 表示），经联锁主机和电子终端内部的 DC-DC 转换电路产生 5V 电压，供逻辑电路工作。另一路直流 24V 称作接口 24V（用符号 I24 表示），供电子终端的输出电路驱动继电器和输入电路采集表示信息。,√
judge,208,ZPW-2000A 型无绝缘移频自动闭塞接收器采用 “0．5+0．5” 双机并用模式，当一台接收器故障时，可由另一台接收器继续工作，确保轨道电路工作稳定。,√
judge,209,四线制道岔控制电路中的极性保持继电器的类型是 JYJXC-135/220。,√
judge,210,97 型 25Hz 相敏轨道电路中，二元二位轨道继电器的复示继电器应采用无极继电器 JWXC-1700。,×
judge,211,ZPW-2000A 型无绝缘移频自动闭塞的小轨道信息通过前方相邻区段接收器处理，通过小轨道条件（XG、XGH）送回本区段接收器，作为小轨道检查条件。,√
judge,212,ZPW-2000A 型无绝缘移频自动闭塞轨道电路在调整状态时，“轨出 2” 电压不小于 80mv。,×
judge,213,ZPW-2000A 电码化设备室内调整变压器（BMT-25）的作用是为 25Hz 轨道电路提供电源，并可在室内调整轨道电路。,√
judge,214,S700K 型电动转辙机无论 “1、3 闭合” 还是 “2、4 闭合”，其内部配线全一样，只需通过室外连线 X2 与 X3、X4 与 X5 的交叉和二极管的换向来实现。,√
judge,215,设置在车站的应答器组中的无源应答器宜靠近信号机侧，正线应答器组内应答器距调谐单元（BA）或机械绝缘节的最小距离为 30±0.5m。,×
judge,216,反向进站信号机无源应答器发送线路允许速度、线路坡度、轨道区段、调车危险及 RBC 呼叫命令等正向线路数据和反向线路坡度信息。,√
judge,217,无源应答器和有源应答器默认报文的报文计数器设定为 0，LEU 默认报文的报文计数器设定为 255。,×
judge,218,信号集中监测系统是由国铁集团、铁路局、电务段、车站监测设备构成的 “三级四层” 监测系统网络体系。实现了对电力供电、行车操作、道岔电气特性和机械特性等结合部的监测。,√
judge,219,TCC 通过信号系统安全数据网接收临时限速服务器的初始化命令、临时限速命令信息以及时钟信息，进行设备时钟校正。,√
judge,220,高速铁路站内每个区段设置一个方向切换继电器（FQJ），控制轨道电路发码方向，TCC 对股道或进站信号机接近区段的 FQJ 进行双采，对其他站内区段的 FQJ 进行单采。,√
judge,221,联锁表的编制程序一般是先填写进路栏。,×
judge,222,在联锁表中，道岔一栏中填写符号 [2]，表示将 2 号道岔防护到定位。,×
judge,223,ZPW-2000A 型无绝缘移频自动闭塞轨道电路，检查全站移频轨道电路发送器、接收器工作正常与否的继电器是 FBJ。,×
judge,224,CTCS-3 级列控系统中，计算机联锁向无线闭塞中心 RBC 主要传输进路状态信息。,√
judge,225,工程开工前，建设单位应组织设计、咨询、施工、监理和设备管理等单位对施工图纸的正确性、完整性和一致性进行联合检查核对，并填写图纸核对记录表。,√
judge,226,在工程施工中，若图纸存在小问题，施工单位可擅自修改施工图纸后继续施工。,×
judge,227,联锁系统只需采集道岔总表示，无需采集分表示。,×
judge,228,精益管理的本质是消除浪费，工程项目施工过程中存在过度生产、等待、不必要搬运等七大浪费。,√
judge,229,标准作业三要素为生产节拍、作业顺序、标准手持存货量。,√
judge,230,信号设备设置在多层建筑非顶楼楼层时，距外墙面屏蔽网不宜小于 1.2m，距顶面屏蔽网不应小于 0.6m。,√
short_answer,1,施工企业应建立文件化的质量管理体系。质量管理体系文件应包括哪些主要内容？,
short_answer,2,根据《中国铁路通信信号股份有限公司工位制均衡施工管理办法（试行）》的要求，标准工位设计应包含哪些内容？,标准工位设计包含工位编号、工位名称、作业内容等基本信息，人员配置、机具配置、物料消耗、作业指导书、作业条件等作业要求，检验标准及方法、安全生产条件、安全操作规程、时间标准等管理要求。
short_answer,3,根据《中国铁路通信信号股份有限公司工位制均衡施工管理办法（试行）》的要求，工位制均衡施工的含义是什么？,工位制均衡施工是指以标准工位建设为基础，将质量、安全、成本的管理要求和“人、机、料、法、环、测”的各项作业要求按工位分解落实，在标准工区进行流水均衡施工的组织方式。
short_answer,4,根据现行铁路通信信号设备综合防雷技术规范的规定，信号电缆在信号设备房屋的成端如何规定的？,一次成端设置在电缆间，二次成端设置在机房引入轨道电路接口柜(移频综合柜)或防雷分线柜前；在一次成端盒内环切断开电缆的钢带和铝护套，钢带和铝护套应采用30mmx3m紫铜排分别与电缆间内的一次成端接地汇集线单独电气连通；在二次成端盒内断开钢带和铝护套，钢带和铝护套应采用30mmx3mm紫铜排与机房内的电缆屏蔽接地汇集线电气连通。
short_answer,5,根据现行铁路通信信号设备综合防雷技术规范的规定，信号设备机房应设置哪些接地汇集线？,信号设备机房应设置电源防雷接地汇集线、安全接地汇集线、电缆屏蔽接地汇集线、防雷分线柜通道防雷接地汇集线、电磁屏蔽接地汇集线。
short_answer,6,正常解锁的三点检查都有哪些？,正常解锁的三点检查是顺序占用并出清本区段的前一个区段；占用并出清本区段；占用本区段的后一个区段。
short_answer,7,室内设备焊接配线时应符合什么要求？,"（1）焊接不得使用带有腐蚀性的焊剂。
（2）焊接必须牢固，焊点应光滑，无毛刺、假焊、虚焊现象。
（3）对有孔端子应将线条穿入线孔后再焊。
（4）配线线头应套有塑料软管保护，套管长度应均匀一致。"
short_answer,8,简述轨道电路分路灵敏度？,分路灵敏度是指在轨道电路的钢轨上，用一电阻在某点对轨道电路分路，若恰好能使轨道继电器线圈中的电流减少到释放值（脉冲式轨道电路为不吸起值），则这个分路电阻值就叫该点的分路灵敏度。
short_answer,9,联锁表包括哪些内容？,联锁表包括进路号码、进路方向、进路性质、应按压的按钮、有关信号机名称及显示、有关道岔名称及位置、敌对信号、经过的轨道区段以及其他联锁。
short_answer,10,电缆弯曲半径有什么要求？,"（1）综合护套电缆不得小于电缆外径的15倍；
（2）内屏蔽数字电缆不得小于电缆外径的20倍；
（3）应答器数据传输电缆不得小于电缆外径的20倍；
（4）应答器尾缆不得小于电缆外径的10倍。"
short_answer,11,64D单线半自动闭塞在两站之间传递的信息有哪些？,"64D单线半自动闭塞在两站之间传递的信息有：
（1）请求发车正电信息；（2）自动回执负电信息；
（3）同意接车正电信息；（4）通知出发正电信息；
（5）到达复原负电信息；（6）取消复原负电信息；
（7）事故复原负电信息。"
short_answer,12,冷封胶灌注有什么要求？,"（1）检查冷封胶包装袋及分隔离条是否完好，严禁使用过保质期产品。
（2）开袋前应将A、B两种胶液充分混合。
（3）灌胶前将电缆四线组内芯线分开，芯线间用冷封胶灌注。
（4）灌注胶面应高于芯线根部20mm以上。
（5）灌注后应检查无漏胶现象。"
short_answer,13,高速铁路信号用标志牌主要有哪些？,包括区间信号标志牌及号码牌、预告标志牌、级间转换标志牌、中继站标志牌、调谐区标志牌。
short_answer,14,工程验收的内容包含哪些？,"验收工作的基本内容是根据有关技术标准、设计文件和施工预算对工程质量进行检查验收，主要包括检查有关文件资料是否齐全；室内外设备安装是否符合技术要求和质量标准；设备的电气特性和功能是否符合要求；联锁关系是否正确。
根据铁路信号设计规范要求，高柱信号机机构在机柱上的位置如何规定的？
电力牵引区段,高柱信号机的机构应设置于信号机机柱右侧;非电力牵引区段,站内高柱信号机的机构宜设置于信号机机柱右侧,区间高柱信号机的机构宜设置于信号机机柱左侧。"
short_answer,16,ZPW-2000A低频频率有多少种？频率各是多少？,18种：10.3 Hz、11.4 Hz、12.5 Hz、13.6 Hz、14.7 Hz、15.8 Hz、16.9 Hz、18 Hz、19.1 Hz、20.2 Hz、21.3 Hz、22.4 Hz、23.5 Hz、24.6 Hz、25.7 Hz、26.8 Hz、27.9 Hz、29 Hz。
short_answer,17,简述内屏蔽数字信号电缆五种使用原则。,"内屏蔽数字信号电缆五种使用原则是：
（1）两个频率相同的发送与接收不能采用同一根电缆。
（2）两个频率相同发送不能设置在同一屏蔽四芯组内。
（3）两个频率相同接收不能设置在同一屏蔽四芯组内。
（4）电缆中有两个及其以上的相同频率的发送、或者有两个及其以上的相同频率的接收时，该电缆需采用内屏蔽型。
（5）电缆中各发送、各接收频率均不相同时，可采用非内屏蔽SPT电缆，但线对必须按四芯组对角线成对使用。"
short_answer,18,ZPW-2000A上、下行载频频率各是多少？,"下行：1700-1	1701.4Hz；  1700-2  1698.7Hz；
2300-1   2301.4Hz； 2300-2	  2298.7Hz。
上行：2000-1 	2001.4Hz； 2000-2	  1998.7Hz；
2600-1	   2601.4Hz； 2600-2	  2598.7Hz。"
short_answer,19,道岔融雪装置主要包括哪些设备？,道岔融雪装置主要包括电气控制柜、隔离变压器、轨温传感器、电加热元件、气象站、室内控制终端等。
short_answer,20,在高速铁路的钢轨上钻孔有什么要求？,在钢轨上钻孔应使用专用钻孔机具，连接线安装孔两侧应采用专用45o倒角工具进行倒角，其深度为0.8～1.5mm。钢轨钻孔后应立即安装塞钉，塞钉与钢轨连接处涂油漆封闭。
short_answer,21,"根据电缆模拟网络电缆补偿长度调整表,填写下表（按10km计算）。",
short_answer,22,请画出接收器双机互为备用的示意图。,
short_answer,23,已知：（1）载频：1700Hz，轨道电路长度629m（电气－电气）； （2）电容个数  Nc＝10个；（3）调谐区长度29 m。求：电容步长△？,
short_answer,24,什么是无线闭塞中心（RBC）？,采用无线通信方式实现列车间隔控制的地面控制设备。系统接收所辖全部列车的位置信息，向所有列车发出行车许可并提供列车间隔控制功能。
short_answer,25,数字电缆的电气特性测试包括哪些内容？,"（1）开盘检验电缆端面，确定A、B端别。
（2）对号检查所有芯线有无断线、混线等障碍。
（3）每一根芯线对其他所有芯线及金属护套之间的绝缘电阻。
（4）线间工作电容、不平衡电阻、导线直流电阻。"
short_answer,26,画出ZPW-2000A自闭试验及调试流程图。,
short_answer,27,简述地面应答器设备安装流程。,"（1）施工准备；
（2）安装支架制作；
（3）模具钻孔定位；
（4）支架安装固定；
（5）应答器安装；
（6）电缆铺设、尾缆安装；
（7）应答器安装检查。"
short_answer,29,区间补偿电容因地形所限允许调整范围是多少？,补偿电容实际安装位置与理论计算位置允许偏差±650mm。
short_answer,30,补偿电容遇有应答器时允许调整范围是多少？,遇有应答器时电容调整位置，允许偏差±1000mm。
short_answer,32,"应答器安装有纵向和横向两种安装方式,其轴是如何定义的？","不管应答器是纵向安装还是横向安装，与钢轨纵向平行的方向均为X轴，与钢轨纵向垂直的方向均为Y轴,与钢轨平面垂直的方向均为Z轴。"
short_answer,33,6502电气集中，取消进路必须符合哪些条件？,"（1）进路处于预先锁闭状态；
（2）信号机能随着办理取消进路手续而关闭；
（3）进路空闲。"
short_answer,34,列控中心主要作用是什么？具有哪些功能？,列控中心的主要作用是向车载ATP设备提供控车有关的信息。列控中心具有轨道电路编码、应答器报文储存和调用、区间信号机点灯控制站间安全信息（区间轨道电路状态、中继站临时限速信息、区间闭塞和方向条件等信息）传输等功能。
short_answer,35,电气化区段轨道电路设置扼流变压器的目的是什么？,"（1）能使牵引电流顺利通过绝缘节；
（2）为了保证信号电流不会流入相邻轨道电路；
（3）对轨道电路参数进行调整。"
short_answer,36,铁路责任事故分为哪几类？按什么情况区分的？,分为特别重大事故、重大事故、较大事故和一般事故。是根据事故后果，造成的人员伤亡数目，直接经济损失，中断行车时间等区分的。
short_answer,37,信号联锁设备施工图审查包括哪些内容？,信号联锁设备施工图审查包括:信号平面图，联锁图表，信号显示关系及信号机点灯、道岔控制、轨道电路、站内电码化、自动闭塞、四线制改变运行方向、逻辑检查、场联、场间渡线道岔控制、站联、半自动闭塞、自动站间闭塞电路，电缆径路图等内容的核对。
short_answer,38,列车运行自动控制系统（ATC）包括哪三个子系统？,它包括列车自动防护（ATP）、列车自动运行（ATO）、列车自动监控（ATS）三个子系统。
short_answer,39,安全技术交底的形式主要有哪些？,"安全技术交底的形式主要有
（1）图标、清单、文字说明。
（2）交底会、班前会等。
（3）交底人与接受人必须是面对面，双方签认。"
short_answer,40,根据国铁集团现行电务工程验收管理对施工图质量的要求，涉及既有设备改造和过渡工程的，对施工单位编制的拆改配线表要求是什么？,涉及既有设备改造和过渡工程，施工单位应制作施工作业拆改配线表，明确每一条增、改、拆、过渡的线缆用途、去向及编号，并提交设备管理单位备查。
short_answer,41,"除设置于双动道岔渡线的绝缘节外,其他与警冲标相关的、用于分割相邻轨道区段的绝缘节,什么情况下设计为侵入限界绝缘？","（1）设置于警冲标外方时；
（2）与警冲标并置时；
（3）设置于警冲标内方但距警冲标沿线路方向的距离小于规定的最小值(无动车组运行时为3.5m、有动车组运行时为5m)时。"
short_answer,42,简述ZPW－2000A无绝缘轨道电路接收器的功能?,"（1）接收器用于接收主轨道电路信号。
（2）接收器还同时接收邻段所属调谐区小轨道电路信号，提供小轨道电路状态。"
short_answer,43,在双动道岔和双机牵引的重型道岔中，两台转辙机分别是怎样动作的？,双动道岔中，两台转辙机是先后动的，一动先动，二动后动；在双机牵引中，两台转辙机是同步动作的。
short_answer,44,在ZD6型和S700K型的电动转辙机表示电路中，二极管与表示继电器线圈是如何连接的？,在ZD6型电路中是串联的，在S700K型电路中是并联的。
short_answer,45,直流转辙机的某道岔在转换途中受阻，在控制台上有何表示？应如何操作？,控制台上电流表指针摆动幅度大（约为3A左右），道岔位置表示灯无表示，受阻超过13秒后，挤岔电铃鸣响，挤岔表示灯亮红灯。操作方法是：按压ZQA和进路始端按钮取消进路，单操道岔使其返回原位。
short_answer,46,什么情况下普速铁路道岔区段轨道电路设一送多受?,
short_answer,47,什么是进路锁闭和接近锁闭？,"进路锁闭是指使被排进路上的有关道岔和敌对信号限制于规定位置的锁闭；接近锁闭是指所排进路的接近区段被占用以后,进路锁闭必须在列车、车列通过一定手续和限时方能解锁的锁闭。"
short_answer,48,挤岔报警电铃鸣响时，道岔和表示继电器各处于什么状态？,道岔处于四开状态。DBJ和FBJ均为落下状态。
short_answer,49,控制台3分延时解锁按钮表示灯亮红灯说明什么？,说明接车进路或正线发车进路办理了人工解锁，进路要经3分钟才能解锁。表示1RJJ吸起。
short_answer,50,控制台30秒延时解锁表示灯亮红灯说明什么？,说明站线发车进路或调车进路办理了人工解锁，进路要经过30秒才能解锁。表示2RJJ吸起。
short_answer,51,控制台电流表指针摆动说明什么？,说明道岔正在启动，表示1DQJ自闭电路接通。
short_answer,52,轨道电路的标准分路电阻取值是如何让规定的？,"（1）25Hz相敏轨道电路的标准分路电阻取值为0.06Ω；
（2）不对称高压脉冲轨道电路的标准分路电阻取值为0.15Ω；
（3）ZPW-2000系列轨道电路道砟电阻率小于3Ω·km时，标准分路电阻取值为"
short_answer,0,15Ω；道砟电阻率不小于3Q・km时，标准分路电阻取值为0.25Ω。,
short_answer,53,CTC系统按管理需要分级设置时应符合哪些规定？,"（1）应设车站系统、调度所系统；
车站系统应设置车站自律机、车站服务器、操作终端、维护终端等；
调度所系统应设置数据库服务器、应用服务器、通信前置服务器、接口服务器、对外时钟服务器、操作终端、维护终端等。"
short_answer,54,办理带延续进路的接车进路时，进站信号机开放应检查哪些联锁条件？,办理带延续进路的接车进路时，进站信号机开放应检查接车进路及延续进路上道岔位置正确且锁闭、轨道区段空闲、敌对进路未建立。
short_answer,55,什么是延续进路？延续进路的终端界限是何处？,沿下坡道方向办理接车进路时，必须将原接车进路延长至适当地点，其延长部分称为延续进路。延续进路终端可以是另一咽喉的安全线上的车档、尽头线、专用线或车站接发车口的进站信号机或站界标等。
short_answer,56,6502电路中在什么情况下，要求把中岔带动到定位？如何带动？,办理中岔所在到发线的接车或发车进路时，要将中岔带动到定位。可以用中岔所在到发线与咽喉区连接道岔的FCJ前接点和该到发线出站信号机的LAJ前接点串联作为带动中岔到定位的带动条件。
short_answer,57,发车时中岔的解锁应符合哪些要求？,1、出发列车全部出清到发线，中岔应立即解锁。2、无岔区段留有车辆或发车进路人工解锁时，出站信号机内方第一个轨道区段解锁后，中岔才能解锁。3、取消发车进路时，中岔和发车进路同时解锁。当中岔区段有车占用时，应处在区段锁闭状态。
short_answer,58,何谓安全生产中的“三违”现象？,安全生产中的“三违”是指违章指挥、违章操作、违反劳动纪律
short_answer,59,行车安全有哪五个防范要点？,"（1）施工机械、工具、材料侵入限界。
（2）施工中金属体短接股道影响轨道电路。
（3）未达到行车送电条件就盲目送电开通。
（4）计划外施工、超范围施工，抢点干活、超点干活。
（5）轨道作业车辆故障。"
short_answer,60,股份公司关于安全管理“十条硬措施”的重大风险主要是指哪几个方面？,主要是指高处作业、动火作业、有限空间、起重吊装、深基坑、高支模、营业线施工、涉铁施工等。
short_answer,61,ZPW-2000系列轨道电路的载频设置应符合哪些规定？,"（1）区间、站内轨道电路的载频统筹设置；
（2）闭塞分区分界点两侧的轨道电路采用不同的载频；
（3）区间下行线的载频按1700Hz、2300Hz交替设置，区间上行线的载频按2000Hz、2600Hz交替设置；
（4）车站下行线及下行侧到发线宜采用1700H、2300Hz载频，车站上行线及上行侧到发线宜采用2000Hz、2600Hz载频；有多个发车方向的车站,载频的设置应符合列车运行的需求；
（5）与ZPW-2000系列轨道区段相邻的站内其他制式的轨道电路区段，以ZPW-2000系列移频设备实现电码化时，发码设备的载频应与相邻ZPW-2000轨道区段的载频不同。"
short_answer,62,ZPW-2000系列无绝缘轨道电路的调谐区设计应符合哪些规定？,"（1）不得设置于不同类型道床的衔接处、钢轨伸缩调节器范围内；
（2）不宜设置于有护轮轨的区域接触网电分相区。"
short_answer,63,防护道岔的联锁设计应符合哪些规定？,"（1）防护道岔的防护位置应符合相关进路的安全要求；
（2）防护道岔未锁闭在规定位置时，相关进路(引导进路除外)不得建立；
（3）进路锁闭、信号开放后，防护道岔失去位置表示时，信号机应自动关闭。"
short_answer,64,如何开启区间占用逻辑检查功能？,在CTC车务终端的“工具”菜单中选择“列控区间占用逻辑检查”，输入密码，在弹出的对话框中选择“区间逻辑检查开启”，选择相关车站及相应的区间方向口，进行“开启验证”操作成功后，点击“开启执行”，返回执行成功后，相应区间方向口区间逻辑检查表示灯为绿色。
short_answer,65,画出ZPW-2000A轨道电路调试流程图。,ZPW-2000A轨道电路单项调试流程如图65所示：
short_answer,66,CTCS-2级区段设置的应答器组包括哪些？,"（1）区间应答器组；
（2）正向进站应答器组、反向进站应答器组；
（3）正向出站应答器组、反向出站应答器组；
（4）中继站应答器组；
（5）进路应答器组；
（6）定位应答器组；
（7）大号码道岔应答器组；
（8）CTCS等级转换应答器组；
（9）反向区间应答器组。"
short_answer,67,简述列控限速工作原理？,"限速命令统一由中心调度员设置。列控限速功能需由ATP车载设备和地面设备共同完成。主要实现步骤如下：
（1）CTC系统负责拟定临时限速计划调度命令内容；
（2）TSRS系统负责校验TSR命令，并分发给相关TCC、RBC执行；
（3）TCC系统负责控制应答器传送相应的TSR信息给C2列车；
（4）RBC系统负责通过GSM-R传送相应的TSR信息给C3列车；
（5）装有ATP车载设备的列车收到TSR信息后，控制列车按限速要求运行。"
short_answer,68,TSRS限速管辖边界如何划分？,"TSRS的线路数据范围以所连接的TCC、RBC的最大临时限速管辖范围为界。
对于客运专线与既有线交界处，既有线侧需设置专用列控中心。该列控中心应接入客运专线的信号系统安全数据网，并同时接受来自客专TSRS与既有线CTC/TDCS的临时限速命令。TSRS的线路数据范围相应延伸至客专侧TCC的临时限速管辖范围处。"
short_answer,69,电动转辙机道岔动作电路中，总保护继电器ZBHJ有何作用？,"总保护继电器ZBHJ的作用为：
对于采用多机牵引的提速道岔，尖轨和心轨各独立设置一套ZBHJ和QDJ电路。
同一尖轨（或心轨）几个牵引点的BHJ都吸起后，ZBHJ才能励磁吸起。如果其中有一个牵引点的BHJ不能吸起，那么ZBHJ将不能励磁导致QDJ的第二条励磁电路不能沟通，QDJ经2-3S缓放落下后，将切断各牵引点的1DQJ自闭电路，保证同一尖轨（或心轨）各牵引点间动作的一致性。
用同一尖轨（或心轨）几个牵引点的BHJ前接点并联构成ZBHJ的自闭电路，保证各牵引点要动就动到底，否则13S（30S）切断。"
short_answer,70,简述道岔不能锁闭的几种可能性？,"有以下几种可能：
（1）尖轨上翘，尖轨与基本轨卡阻造成不解锁；
（2）滑床板严重吊板且摩擦力大；
（3）锁钩与动作杆严重摩卡。"
short_answer,71,断相保护器故障如何判断？,"断相保护器的故障按下述情况判断：
（1）断相保护器坏，道岔不能排动；从监测看曲线，有1-2秒的动作曲线；
（2）断相保护器半击穿，道岔有时能动，但道岔处于四开位置后，有保险熔断现象。"
short_answer,72,简述电液转辙机动接点反弹的几种可能性？,"有以下五种可能：
（1）油路中空气未排干净易造成接点反弹；
（2）斥离轨向密贴轨方向窜动，如无限位块或限位块距离大易造成接点反弹；
（3）当道岔调整紧而溢流压力大时，接点反弹；
（4）贯性轮不起作用时，接点反弹；
（5）工务捣固不良，列车通过时，基本轨窜动时易造成接点反弹。"
short_answer,73,简述ZYJ7型转辙装置的绝缘安装位置？,"下列部位需安装绝缘：
（1）动作杆中部；
（2）动作杆与动作杆连接铁的横轴处；
（3）长、短表示杆与表示杆连接铁（三角铁）尖轴处；
（4）内表示杆与外、长、短表示杆的连接处。"
short_answer,74,25HZ轨道电路防护盒主要作用：,"主要作用为：
减少JRJC型轨道继电器上50HZ牵引电流的干扰电压；
保证25HZ局部电压超前轨道电压相位角90°±10°。"
short_answer,75,根据现行铁路规范对扼流变压器钢轨引接线的规定，YGED-1800/1000代表什么含义？,YGED-1800/1000表示为中点允许通过电流为1000A长度为1800mm的扼流变压器等阻钢轨引接线。
short_answer,76,客运专线中，ZPW-2000道岔区段多分支轨道电路“跳线”设置有何规则？,"道岔区段多分支轨道电路采用分支并联结构，“跳线”设置原则：
（1）采用带绝缘护套70mm2的铜导线或铜当量的钢包铜线；
（2）“道岔跳线”从道岔弯股末端起，向岔心方向依次间隔设置，间隔不大于20m、岔心间隔不大于30m，两端都必须设置“跳线”。"
short_answer,77,空心线圈的作用是什么？,"作用是：
在电气化区段逐段平衡两钢轨的牵引电流回流；
实现上下行线路间的等电位连接；
改善电气绝缘节的电气特性，保证工作稳定性。"
short_answer,78,ZPW-2000A型无绝缘轨道电路发送器的作用是什么？,"作用是：
产生18种低频信号、8种载频的高精度、高稳定的移频信号；
产生足够功率的输出信号；
调整轨道电路；
对移频信号特征的自检测，故障时给出报警及N+l冗余运用的转换条件。"
short_answer,79,ZPW-2000A型无绝缘轨道电路接收器的作用是什么？,"作用是：
用于对主轨道电路移频信号的解调，并配合与送电端相连接调谐区段小轨道电路的检查条件动作轨道继电器；
实现对与受电端相连接调谐区段小轨道电路移频信号的解调，给出短小轨道电路的执行条件，送至相邻轨道电路接收器；
检查轨道电路完好，减少分路死区长度，还用接收门限控制实现对调谐单元(BA)断线的检查。"
short_answer,80,ZPW-2000A型无绝缘轨道电路衰耗盘的作用是什么？,"作用是：
用做对主轨道电路的接收端输入电平调整；
对于小轨道进行调整（含正、反方向）；
给出有关发送、接收用电源电压，发送功出电压，轨道输入输出GJ, XGJ测试条件；
给出发送接收故障报警和轨道占用指示灯等；
在N+1冗余运用中实现接收机故障转换时主轨道继电器和小轨道继电器的落下延时。"
short_answer,81,如何判断二极管的极性？,将万用表置于欧姆挡，对二极管进行正接、反接测量一次。当测得电阻较小时，黑表笔所接的一端为二极管的正极，另一极则为负极。
short_answer,82,应答器的安装与实际里程的误差为多少？,应答器的安装位置与实际里程的误差为±0.5m。
short_answer,83,应答器组内相邻应答器间的距离为多少？,应答器组内相邻应答器间的距离为5m～5.5m；专用于调车的应答器组内间距不应小于3 m。
short_answer,84,常态灭灯的信号机转为点亮状态时，以及其他常态点灯的信号机的定位显示是如何规定的？,"（1）进站、出站、进路、调车信号机均以显示停车信号为定位。
（2）线路所的通过信号机以显示停车信号为定位，其他通过信号机以显示进行信号为定位。"
short_answer,85,在最不利条件下，对客运专线ZPW-2000K轨道电路机车信号短路电流的要求是什么？,在最不利条件下，在轨道电路任一处轨面机车信号短路电流1700Hz、2000Hz、2300Hz不小于0.50A，2600Hz不小于0.45A。
short_answer,86,四线制道岔(三相交流除外)表示电路中二极管的技术指标是什么？,反向电压不小于500V，正向电流不小于300mA。
short_answer,87,三相交流转辙机表示电路中二极管的技术指标是什么？,反向电压不小于500V，正向电流不小于1A。
short_answer,88,LEU的功能是什么？,LEU的功能是：接收外部发送的应答器报文并连续向应答器转发；当有车载天线经过有源应答器上方时，LEU在一定时间内不转换新的报文；设备自检及事件记录，并可向外部设备上传。
short_answer,89,CTCS-2级、CTCS-3级区段正常追踪码序由高到低顺序是怎样排列的？,正常追踪码序由高至低依次为L5码、L4码、L3码、L2码、L码、LU码、U码、HU码。
short_answer,90,无限闭塞中心（RBC）设备启动应检查哪些内容？,"RBC系统启动应检查下列内容主要包括：
（1）RBC启动后应能完整性自检，自检失败禁止运行。
（2）RBC启动后，应能清除所有动态数据。
（3）RBC启动后，应等待TSRS的初始化命令。
（4）RBC启动后，应与CTC时钟同步"
comprehensive,1,实施性施工组织设计的主要内容是什么？,"实施性施工组织设计的主要内容是：
（1）编制依据、编制范围及设计概况
（2）工程概况
（3）建设项目所在地区特征
（4）总体施工组织安排
（5）临时工程和过渡工程
（6）控制工程和重难点工程（包括高风险工程）施工方案
（7）施工方案
（8）资源配置
（9）管理措施
（11）引用的设计文件与施工规范
（12）进一步研究解决的问题及建议
（13）施工组织图表（包括附表、附图、附件）。"
comprehensive,2,站控模式下站内信号机的开放和关闭的条件有哪些？,"信号机的开放和关闭的条件有：
（1）进路空闲。
（2）道岔位置正确。
（3）敌对进路未建立且锁闭。
（4）信号在人工操纵下才能开放，信号关闭后应能防止自动重复开放。
（5）自动关闭信号时机是：列车信号在车一进入信号机内方立即关闭，调车信号在车全部进入信号机内方时关闭，但接近区段停有车辆时，要待车列出清进路内方第一道岔区段时方能关闭。
（6）取消进路或人工解锁时信号应随之关闭。
（7）允许灯光灭灯时，应自动改点禁止灯光。
（8）开放进站或正线出站信号机之前应检查红灯灯丝完整。
（9）不允许乱显示。
（10）电路故障时自动关闭。"
comprehensive,3,驼峰信号控制按钮的种类及作用？,"定速按钮：用来开放定速信号；
加速按钮：用来开放加速信号；
减速按钮：用来开放减速信号；
后退按钮：用来开放后退信号；
调车按钮：用来开放调车信号；
停车按钮：用来关闭驼峰信号。
4试述转辙机单项调试的主要内容。
转辙机单项调试包括电缆通道、道岔密贴、道岔转换、道岔开向室内外一致性、切断表示的检查，并应按下列要求进行调试：
（1）检查确认组合到分线盘、分线盘至转辙机电缆通道正确。
（2）道岔密贴检查
1）单点牵引道岔牵引点及多点牵引道岔第一牵引点中心线处密贴尖轨（心轨）与基本轨（翼轨）间有4 mm及以上水平间隙时，其余密贴段牵引点中心线处有6 mm及以上水平间隙时，不应锁闭或接通表示。
2）直向通过速度大于120 km/h小于或等于160 km/h的道岔，尖轨牵引点间有10 mm及以上水平间隙时，不应接通道岔表示。
3）直向通过速度大于160 km/h的道岔，尖轨的密贴段，在牵引点间设密贴检查器，有5 mm及以上水平间隙时，不应接通道岔表示。
4）用于道岔表示系统的密贴检查装置，第一牵引点处尖轨与基本轨、心轨与翼轨密贴有4mm及以上间隙时，不得接通道岔表示。
（3）道岔转换检查
在正常转动时，摩擦连接器不空转，作用良好；道岔因故不能转换到底时，摩擦连接器应空转。摩擦转换力应调整符合产品技术要求。
（4）道岔位置室内外一致性检查
通过室内操纵道岔转换，核对启动继电器（2DQJ）与操纵意图一致，道岔实际开向应与室内操纵意图一致，定反位表示继电器与道岔实际开向一致。
（5）切断表示检查
断开转辙机和密贴检查器中任意一组表示接点时，必须切断表示电路。"
comprehensive,5,在既有机械室内施工时，应符合的安全要求是什么？,"在既有机械室内施工时，应符合下列安全要求：
（1）过渡施工或更换设备时应办理要点申请手续，经车站值班员同意，并在设备运行维护人员的配合下方可施工。施工前应向设备运行维护人员交底。
（2）施工单位进入机械室前应向设备管理单位值班人员递交当日工作单，明确责任人、施工范围、施工时间。
（3）进入既有机械室施工后，应遵守设备管理单位相关规定，并对既有设备进行可靠防护。
（4）应在设备管理人员的配合下，确认新设备与既有设备结合部位的实物与图纸相符。新增配线及拆除线均应标识清楚。
（5）施工人员查线时，不得影响既有设备使用。
（6）室内施工用电和新设备导通试验严禁使用既有设备电源。
（7）施工完毕必须对更换后的设备进行试验，经设备管理单位确认合格后交付使用。
（8）改造施工中，室内拆除废弃设备和配线时，应在施工点内进行，并做好防护措施。"
comprehensive,6,轨道电路试验内容有哪些？,"轨道电路试验内容有：
（1）在轨道电路空闲的情况下，接收端的接收设备应可靠工作，轨道继电器可靠吸起，电压或电流符合设备技术文件规定。
（2）用标准分路电阻或按设计规定，在轨道电路区段内任何一处（不含死区段）分路，均应使接收端的接收设备可靠地停止工作，轨道继电器可靠落下。
（3）轨道电路极性交叉正确。
（4）机车进入轨道电路区段入口端接收最小信号电流，至出口端接收最大信号电流，应能使机车信号可靠工作。"
comprehensive,7,室内配线完成后，插装设备前，如何判断短路、混电、接地？,"设备插装前，应检查机柜内电源配线静态有无短路混电现象。在机柜不带电的情况下，每个断路器置于“断开”位置（或保险管不插），使用万用表的低阻档分别在每个机柜内部电源分线端子上，测量每一种电源两个极性之间的电阻值，判断有无短路及混电现象。如测试的电阻值接近零欧姆，则说明有短路，需查找处理。再用每个端子去和其它电源端子交叉测量，发现电阻接近零时，则说明有混电。用这样的方法可以检查出静态的混电及短路。
用兆欧表测试每个机柜配线判断有无接地现象。"
comprehensive,8,ZY（J）7型电液转辙机如何安装和调整？,"ZY（J）7型电液转辙机安装和调整的方法是：
（1）电机组油泵组的电机、油泵间联轴器配合良好，转动时无卡阻、别劲现象。
（2）油路系统的油缸、动作杆动作平稳，无颤抖。油路系统各接头部分无泄漏。
（3）油缸连续往复动作20次后，活塞杆两端油膜不成滴。
（4）溢流阀调整灵活，溢流压力应调整为额定转换力压力的1.1～1.3倍。
（5）胶管总成外露部分及与槽钢进出口处防护措施齐全，转角处弯曲半径不应小于150mm，进出口端应留有足够余量，以防列车震动受力，新设胶管总成外层应无龟裂。
（6）电液转辙机应使用YH-10号航空液压油，油箱油位应保持在油标上、下标记之间。
（7）接点组安装牢固，接点片不歪斜、无伤痕。动接点打入静接点时，动接点在静接点组内接触深度不应小于4mm，与静接点座有3mm以上的间隙,接点接触压力不应小于4N。
（8）遮断器的常闭接点应接触良好。在摇把插入时，常闭接点应可靠断开；摇把取出后，非人工恢复不得接通常闭接点。"
comprehensive,9,ZD（J）9型交流电动转辙机如何安装和调整？,"ZD（J）9型交流电动转辙机安装和调整的方法是：
（1）转辙机在供给额定电源电压、输出额定转换力的条件下，滚珠丝杠应转动灵活，回珠无卡阻。
（2）自动开闭器：绝缘座安装牢固、完整、无裂纹；动接点打入静接点时，动接点在静接点组内接触深度不应小于4mm，与静接点座有3mm以上的间隙，接点接触压力不应小于4N；用手扳动动接点时，摆动量不应大于1mm。
（3）当锁闭（检查）柱因故落在锁闭（表示）杆上平面时，动接点环的断电距离不应小于2.5mm，与另一侧接点不应小于2mm。
（4）转辙机内滚珠丝杠、动作杆、表示杆、齿轮组、锁闭铁等应采用规定的油脂润滑。"
comprehensive,10,S700K型电动转辙机如何安装和调整？,"S700K型电动转辙机的安装方法是：
（1）连好基础托板，但不要急于紧固各连接螺栓。
（2）转辙机就位，连接好各连接杆，调整基础托板位置，使转辙机的动作杆、连接杆和外锁闭装置的锁闭杆在同一条直线上；检查转辙机的高度，然后紧固连接螺栓。
（3）调整直连接杆长度，使外锁闭动程在尖轨（心轨）定位或反位时均等，其偏差不能超过2mm。
（4）调整表示连接杆的连接铁，使转辙机表示缺口内的两侧间隙相等。
（5）转辙机安装在道岔正线一侧。靠近钢轨一侧的机壳应与正线基本轨平行，其偏差（转辙机外壳两端的距离）小于或等于5mm。
（6）单操转辙机，试验4mm不锁闭。
（7）最后检查、紧固全部螺栓，并采取防松措施。丝扣余量一般规定为5～10mm。"
comprehensive,11,道岔融雪用电加热元件安装有哪些要求？,"道岔融雪用电加热元件安装的要求有：
（1）在电加热元件安装和配线前应用500伏兆欧表进行冷态绝缘测试，电加热元件中心电热材料和金属外壳间绝缘电阻不应小于25MΩ。
（2）在电加热元件安装前，应对安装部位的钢轨表面进行油污及锈层的打磨处理，并清洗干净。
（3）电加热元件直把手过渡段用专用卡具固定在轨腰上，距尖轨尖端距离不小于100mm。
（4）电加热元件应安装在基本轨（翼轨）内侧轨腰，两根平行的电加热元件间隙应不小于20mm，同一钢轨上纵向同侧安装的相邻电加热元件间隙不小于100 mm，并保证道岔滑床板处钢轨上有加热元件。
（5）在每个轨枕间至少安装1组卡具对电加热元件进行固定，电加热元件与钢轨表面接触良好。"
comprehensive,12,简述相邻无线闭塞中心（RBC）间接口调试内容：,"相邻无线闭塞中心（RBC）间接口调试内容有：
（1）移交RBC到接收RBC的预告信息：RBC编号、移交列车编号、应答器编号、RBC时间戳、是否需要应答、列车操作模式与列车数据等。
（2） 移交RBC到接收RBC的进路信息：RBC编号、移交列车编号、应答器编号、RBC时间戳、是否需要应答、余下的行车许可距离及精度、移动终端的数目、附加信息等。
（3） 移交RBC到接收RBC的通告信息：RBC编号、移交列车编号、应答器编号、RBC时间戳、是否需要应答等。
（4） 移交RBC到接收RBC的取消信息：RBC编号、移交列车编号、应答器编号、RBC时间戳、是否需要应答等。
（5） 接收RBC到移交RBC的信息进路相关信息。
（6） 接收RBC到移交RBC的信息接管控车责任信息。"
comprehensive,13,在车站值班员室、信号设备机房、电缆间等信号设备处应如何设置接地汇集线？（Q/CR1067.2-2025）,"（1）车站值班员室内控制柜处设置安全接地汇集线，静电地板下方设置电磁屏蔽接地汇集线。未设置静电地板的机房，可在距离地面200mm高度的墙面设置电磁屏蔽接地汇集线。
（2）信号设备机房应设置电源防雷接地汇集线、安全接地汇集线、电缆屏蔽接地汇集线、防雷分线柜通道防雷接地汇集线、电磁屏蔽接地汇集线。
（3）信号设备机房天馈线入口处设置室外接地汇集线。
（4）信号电缆间设置一次成端接地汇集线、安全接地汇集线。"
comprehensive,14,在电力牵引区段无条件停电更换轨道电路设备时，除应办理登记要点手续外，还必须保证牵引电流回流畅通，应符合哪些要求？,"在电力牵引区段无条件停电更换轨道电路设备时，除应办理登记要点手续外，还必须保证牵引电流回流畅通，并应符合下列要求：
（1）更换轨道变压器、电阻器及配线时，严禁切断扼流变压器的轨道侧回路。
（2）更换双轨条轨道电路的扼流变压器连接线时，必须先将两条钢轨与相邻轨道的扼流变压器中点连接好后，方可施工。施工完毕必须将临时连线拆除。
（3）更换双轨条轨道电路扼流变压器的中点连接线（板）时，必须先将两个扼流变压器的中点端子或通过牵引电流的单轨条连接线连接后，方可施工。施工完毕必须将临时连线拆除。
（4）更换钢轨绝缘时，在双轨条轨道电路中严禁断开接向扼流变压器连接线中任何一侧或两个扼流变压器中点的连接线；在单轨条轨道电路中，严禁断开相邻两轨道牵引连接线以及平行轨道牵引轨条之间的连接线。
（5）更换轨端接续线时，不得将双线同时断开。
（6）拆除轨端绝缘时，应先将绝缘两端轨道电路连通，方可更换钢轨接头夹板。"
comprehensive,15,调度集中子系统与联锁子系统接口调试有哪些要求？,"调度集中子系统与联锁子系统接口调试应符合下列要求：
（1）CBI下位机（操作表示机）向CTC自律机传送
①站场表示信息
信号状态、道岔状态、区段状态、按钮状态、表示灯状态和各类报警信息。
②联锁由非常站控模式向分散自律控制模式转换时的数据交换信息。
（2）CTC自律机向CBI发送
①控制命令信息
命令类型、命令按钮顺序、按钮状态表示信息。
②时钟信息
（3）CBI联锁与CTC自律机相互传送控制状态信息
①CBI下位机（操作表示机）主备运行状态和当前控制模式的控制状态信息。
②CTC自律机主备运行状态和允许转回自律模式的控制状态信息。
③CBI和CTC表明自己运行正常和网络畅通的心跳信息。"
comprehensive,16,列控中心（TCC）与联锁（CBI）接口调试有哪些要求？,"列控中心（TCC）与联锁（CBI）接口调试的要求有:
（1）TCC与CBI接口的配置和技术性能应符合设计要求和相关技术标准的规定。
（2）TCC与CBI之间建立正常通信后，有相应的通信状态表示。
（3）TCC应与CBI正确交换信息，包括TCC应向CBI提供区间允许发车信息、区间方向信息、区间监督状态信息、区间闭塞分区状态和灾害防护信息，并接收CBI发送的车站进路信息和信号机状态信息。"
comprehensive,17,简述高压脉冲轨道电路调整要求。,"高压脉冲轨道电路调整要求有：
（1）调整状态：高压脉冲接收端采用JCRC24.7K/7.5K型二元差动继电器，差动比2～3。吸起值：头/尾27/19V，落下值：13.5/9.5V。在最不利的情况下，继电器电压要满足工作值的1.1倍即峰头30V，峰尾21V。原则上调整在40V到55V之间，且头、尾部电压相差不大于10V为宜。
（2）用0.15Ω标准分路电阻线在轨轨道电路送、受电端轨面上分路时，二元差动继电器头部电压≤13.5V、尾部≤9.5V。
（3）应变时间：高压脉冲（一秒三次）1～1.5秒；移频2.5秒。
（4）译码器输入端子选择：400m以上区段，使用1、3端子；400m以下区段，使用1、2端子。"
comprehensive,18,论述ZPW-2000A发送器正常工作应具备的条件及其故障判断.,"（1）发送器正常工作应具备的条件
1) 有24V工作电源，且极性正确。
2) 有且只有一路低频编码条件。
3)有且只有一路载频条件；
4)有且只有一个“-1”“-2”选择条件；
5)功出负载不能短路。
（2）故障判断：当衰耗盘的发送工作指示灯点亮时，表明发送器工作正常；当发送工作指示灯灭灯时表明发送器故障或工作条件不具备。当判断出上述5个工作条件都具备时而发送器仍不工作，则说明发送器故障。用直流电压表在发送器背后将负表笔放在024V上，正表笔在18个低频、4个载频及“-1”“-2”上测量，应该有且只有一个+24V。以此来判断条件是否具备。尤其是在“+1”发送不工作时可用此方法查找原因。另外，可用最简单的方法即与正常工作的发送器调换位置来判定发送器是否故障。"
comprehensive,19,车站大修及区间自闭改造开通的主要测试、试验项目是什么？,"室内：
（1）区间、站内轨道区段、道岔转换、表示对位。
（2）联锁关系试验、电码化码序测试。
（3）轨道电路参数调整。
（4）电源、移频、控制台等各类报警试验。
（5）信号监测、TDCS系统调试。
（6）站（场）联电路、方向电路试验。
室外：
（1）配合室内进行联锁关系、发码、报警试验。
（2）配合室内进行轨道分路、道岔对位、信号对位显示试验。
（3）按要求进行信号机灯光显示、灯端电压、灯丝电流的调整。
（4）进行轨道区段入口电流测试。
（5）道口报警等相关电路试验。
邻站：
（1）配合本站进行站（场）联电路及方向电路试验。
（2）为本站联锁试验提供条件。"
comprehensive,20,分动外锁闭装置如何安装？,"（1）工务先将道岔轨距和岔枕位置调整合适后，电务方可安装外锁闭装置。
（2）按外锁闭装置安装图要求连好两根锁闭板，保证两根锁闭板连接平直，然后用500V的兆欧表测试绝缘电阻不小于100MΩ。
（3）安装燕尾锁块。先将滑块（6mm厚的一侧在外）放入尖轨连接铁槽内，再用销轴、紧固螺栓将燕尾锁块与连接铁、滑块连接，要求滑动、转动自如。
（4）安装尖轨连接铁。用螺栓将尖轨连接铁同燕尾块、尖轨连接。
（5）安装锁闭铁。先将一侧尖轨密贴基本轨，放入连接好的锁闭板，用燕尾块钩住锁闭板，燕尾锁块的燕尾部分装入锁闭板燕尾槽内，将离尖轨一侧的锁闭铁套住，用螺栓将锁闭板与基本轨连接，然后紧固另一侧锁闭铁螺栓。
（6）安装好后，用撬棍来回拨动尖轨，要求尖轨达到定位与反位均密贴良好。若发现尖轨密贴状态不好或不锁闭，可通过增减尖轨锁闭板之间的调整片或通过滑块来进行调整，以达到密贴。
项目部主抓工位制均衡施工的现场管理和制度落实。主要职责是什么？
（1）负责人工、机具、物料等资源管理，按照工位制均衡施工需求进行动态调配；
（2）负责保障工区资源配备，指导工区编制均衡流水施工计划，按照标准模块、标准工位组织施工；
（3）负责做好工位制均衡施工的预警、分析、纠偏工作；
（4）负责收集整理模块化装配式施工、工位制均衡施工基础数据，反馈标准模块、标准工位设计优化意见；
（5）负责工位制均衡施工的信息化应用和数据贯通；
（6）负责工位制均衡施工的自查评估和持续改善。"
comprehensive,22,画出一组五线制道岔模拟试验电路示意图。,五线制道岔模拟试验电路示意图如下图所示：
comprehensive,23,进行信号联锁关系试验时列车信号开放的联锁关系检查有哪些？,"（1）道岔位置不对信号不能开发。
（2）道岔无表示信号关闭。
（3）区段占用不能开放信号。
（4）区段占用关闭信号。
（5）带动道岔。
（6）防护道岔。
（7）进路锁闭道岔。
（8）敌对信号试验。
（9）敌对照查试验。
（10）随时关闭信号与信号重复开放。
（11）防止重复自动开放信号。
（12）红灯断丝不能开放信号。
（13）侵限绝缘。
（14）大于6‰下坡道延续进路。
（15）到发线出岔。"
comprehensive,24,《关于加强铁路电务工程验收管理的若干补充措施》通知中对施工单位施工质量过程控制方面有哪些要求？,"（1）严禁施工单位无施工图纸施工严禁施工单位擅自修改施工图纸施工过程发现的施工图纸问题应通知建设、 设计单位按程序处理。
（2）施工单位应严格执行 “五核对” 措施。施工前核对施工图纸，布线前采用 “数线头” 和导通测试相结合核对组合内部配线，配线前核对组合侧面配线，器材安装前通过导通测试核对配线，验收前通过模拟试验核对联锁关系。
（3）施工单位完成室内设备安装、调试和联锁试验后，应按照室内图纸对设备器材型号、 安装位置、 机柜端子配线、 防雷接地等逐一进行记名式核对；室外电缆敷设、 设备安装调试和联锁试验完成后，应按照室外图纸对电缆径路 ( 含过轨等) 、 设备安装位置、 器材型号、 箱盒配线和防雷接地等逐一记名式核对。
（4）既有设备改造和过渡工程的配线应采用特定颜色线缆，拆改的配线应有醒目标识。 布线及标记完成后，施工单位、设备管理单位应共同依据既有图纸、 施工图纸和拆改配线表对增、 改、 拆、 过渡的线缆 ( 含组合内部配线) 逐一进行图实核实。
（5）既有设备改造拆除设备及配线时，施工单位必须按照施工图纸严格落实配线 “双端拆除”原则， 确保最后一次施工天窗结束前彻底拆除，不应遗留废弃线缆和设备。
（6）施工单位应安排专人负责室内外设备和配线的“背靠背” 图实核对， 一人核图纸、 一人核实物， 并填写图实核对记录。"
comprehensive,25,综述进行室内施工时，对于防止混电和接地，应进行哪些主要措施？如何判断短路、混电、接地？发生短路、混电、接地现象后一般采用什么方法处理？,"分以下四个阶段进行控制：
（1）配线完成后，插装设备前。
设备插装前，应检查机柜内电源配线静态有无短路混电现象。在机柜不带电的情况下，每个断路器置于“断开”位置（或保险管不插），使用万用表的低阻档分别在每个机柜内部电源分线端子上，测量每一种电源两个极性之间的电阻值，判断有无短路及混电现象。如测试的电阻值接近零欧姆，则说明有短路，需查找处理。再用每个端子去和其它电源端子交叉测量，发现电阻接近零时，则说明有混电。用这样的方法可以检查出静态的混电及短路。
用兆欧表测试每个机柜配线判断有无接地现象。
（2）插装设备后，送电前。
设备插装后，应检查机柜内电源配线静态有无短路混电现象。在机柜不带电的情况下，每个断路器置于“断开”位置（或保险管不插），使用万用表的低阻档分别在每个机柜内部电源分线端子上，测量每一种电源两个极性之间的电阻值，判断有无短路及混电现象。如测试的电阻值接近零欧姆，则说明有短路，需查找处理。再用每个端子去和其它电源端子交叉测量，发现电阻接近零时，则说明有混电。用这样的方法可以检查出静态的混电及短路。
用兆欧表测试每个机柜内部电源分线端子判断有无接地现象。
（3）送电后，接驳既有电源前。
在机柜电源端子测试每一种电源极性、电压，并与其它电源端子交叉测量有无混电现象。接驳既有电源前，用同样方法判断既有电源有无混电现象，测量有无接地现象，做好记录并取得设备监护单位的签认；必要时配合设备监护单位进行处理。
用兆欧表测试每个机柜电源端子判断有无接地现象。
（4）接驳既有电源后。
接驳既有电源后，再次确认是否有混电、接地现象。
发生短路、混电、接地现象后一般采用中断法进行判断，逐步缩小范围，进行处理。"
comprehensive,26,电动转辙机单项试验应符合什么要求？,"电动转辙机单项试验应符合下列要求：
（1）正常转换道岔时，挤切销应保证不发生挤切或挤脱，表示正确。
（2）道岔尖轨与基本轨、心轨与翼轨应密贴良好。
（3）单点牵引道岔牵引点及多点牵引道岔第一牵引点中心线处密贴尖轨（心轨）与基本轨（翼轨）间有4 mm及以上水平间隙时，其余密贴段牵引点中心线处有6 mm及以上水平间隙时，不应锁闭或接通表示。
（4）直向通过速度大于120 km/h小于或等于160 km/h的道岔，尖轨牵引点间有10 mm及以上水平间隙时，不应接通道岔表示。
（5）直向通过速度大于160 km/h的道岔，尖轨的密贴段，在牵引点间设密贴检查器，有5 mm及以上水平间隙时，不应接通道岔表示。
（6）用于道岔表示系统的密贴检查装置，第一牵引点处尖轨与基本轨、心轨与翼轨密贴有4mm及以上间隙时，不得接通道岔表示。
（7）道岔实际开向应与操纵意图、继电器动作、定反位表示一致。
（8）断开任意一组表示接点时，必须切断表示电路。
（9）在道岔转换过程中，可动部分动作平稳、灵活，无别劲、 卡阻现象。
（10）电动转辙机正常转动时，摩擦连接器不空转，作用良好；道岔因故不能转换到底时，摩擦连接器应空转。
（11）电液转辙机在正常转换时，液压系统有足够的压力，道岔因故不能转换到位时，溢流阀应溢流；溢流阀调整灵活，溢流压力应调整为额定转换力时压力的1.1～1.3倍。"
comprehensive,27,《铁路建设工程生产安全重大事故隐患判定标准》中规定了哪些情形应当判定为重大事故隐患？,"（1）专业分包单位无相应资质或未取得安全生产许可证开展施工活动。
（2）施工单位的主要负责人、项目负责人、专职安全生产管理人员无有效铁路工程施工安全生产考核合格证书从事相关工作。
（3）施工、监理、勘察设计单位项目主要负责人连续超过30日不在岗或未实质开展工作。
（4）危险性较大的分部分项工程未按规定编制、审核和审查专项施工方案，或未按规定组织专家论证评审，或施工方案重大变更未重新履行审批程序，即开始施工；危险性较大的分部分项工程未按规定组织实施安全技术交底。
（5）爆破、10千牛以上的吊装、有限空间作业、隧道内动火等危险作业，未安排专门人员进行现场安全管理或未按要求履行作业审批手续。
（6）特种作业人员未依法取得资格证书，已投入使用的特种设备未在规定时限内取得登记证书。
（7）可能存在洪水、雪崩、滑坡、泥石流、崩塌、落石等灾害的复杂地形地质条件下，项目办公区、生活区未经勘察、安全风险评估或未落实防控措施；项目办公区、生活区未与易燃易爆物品存储区、架空明设的用电线路等保持安全距离，或设置在门式起重机、塔式起重机、拌和罐体等高耸设备倾覆范围内，且未采取有效的防护措施。
（8）场区内施工车辆未按规定定期检验、超载运输；使用报废客车或其他严禁载人车辆载人。"
comprehensive,28,画出进站信号机点灯电路,进站信号机点灯电路如图所示：
comprehensive,29,电气集中微机监测系统有哪些监测功能?,"(1)全天候或定时对主体设备进行参数测试，定时须满足修改要求。
(2)对电动转辙机的电流及动作时间进行实时测试并描绘曲线，再现测试值。
(3)对测试参数进行分析、判断、超限报警等。
(4)能记忆、再现、打印，满足事后查询。
(5)具有人机对话功能。
(6)有联网功能，可将车站信息通过计算机网络，传输至相应的目的地。
(7)对开关量的监测能进行逻辑判断。"
comprehensive,30,试述向列车发送临时限速的工作流程.,"（1）临时限速被执行后，RBC和TCC分别通过GSM-R无线通信和应答器将临时限速命令传送给列车，通过车载设备在限速区段使列车限速。
（2）CTCS-3级系统发送激活的临时限速总是与相应的行车许可同时发送给列车。当临时限速被激活后，RBC立即给接近临时限速区段的列车发送该临时限速命令。
（3）CTCS-2级系统发送根据临时限速命令，TCC从其存储的应答器报文中选取相应的应答器报文传送给进出站、中继站等处的有源应答器，当列车从应答器上通过时即可接收相应的限速报文，进行相关限速操作。"
comprehensive,31,简述客货共线铁路（普速技规）各种信号机、表示器，在正常情况下的显示距离。,"（1）进站、通过、接近、遮断信号机，不得小于1000m。
（2）高柱出站、高柱进路信号机，不得小于800m。
（3）预告、驼峰、驼峰辅助信号机，不得小于400m。
（4）调车、矮型进站、矮型出站、矮型进路、复示信号机、容许、引导信号及各种表示器，不得小于200m。
（5）在地形、地物影响视线的地方，进站、通过、接近、预告、遮断信号机的显示距离，在最坏条件下，不得小于200m。"
comprehensive,32,开放信号机的联锁条件有哪些？,"（1）进路空闲。
（2）道岔位置正确。
（3）敌对进路未建立且锁闭。
（4）信号在人工操纵下才能开放，信号关闭后应能防止自动重复开放。
（5）自动关闭信号时机是：列车信号在车一进入信号机内方立即关闭，调车信号在车全部进入信号机内方时关闭，但接近区段停有车辆时，要待车列出清进路内方第一道岔区段时方能关闭。
（6）取消进路或人工解锁时信号应随之关闭。
（7）允许灯光灭灯时，应自动改点禁止灯光。
（8）开放进站或正线出站信号机之前应检查红灯灯丝完整。
（9）不允许乱显示。
（10）电路故障时自动关闭。"
comprehensive,33,营业线施工试验应注意哪些主要事项。,"营业线施工调试应注意下列主要事项：
（1）严禁将尚未纳入联锁的设备与既有设备连接。严禁利用既有使用中的设备作为条件进行试验。
（2）严禁在试验过程采用“夹子线”、“封连线”、“二极管”或其他手段封连使用中的各种信号设备的电气接点。
（3）试验过程中，严禁将使用中的设备拆除进行新安装设备的试验。
（4）新设设备的试验不得影响既有设备的使用。
（5）未登记要点严禁进行新旧设备的倒替施工以及调试。
（6）计算机联锁软件修改后除应进行全站仿真试验外，还应按相关技术标准要求进行联锁试验。
（7）开通施工前，任何人不得超范围进行开通施工准备，不得动用使用中的设备；开通施工结束后，任何人员不得动用使用中的设备。"
comprehensive,34,信号机单项试验应符合的安全要求是什么？,"（1）信号机在安装完成，检查各个灯位的安装、排列顺序、配线是否正确后，再从室内分线盘处对各灯位逐一进行送电试验。
（2）列车色灯信号机必须进行主副灯丝的转换试验，并与室内进行核对。
（3）信号机、表示器灯光必须显示正确，必须达到正常的显示距离要求。
（4）营业线进行信号机送电试验不得影响行车，信号机试验期间灯光必须遮挡，不得与既有信号混淆。
（5）信号机应进行灯光转移试验。"
comprehensive,35,车站联锁模拟试验应符合哪些要求？,"车站联锁模拟试验应符合以下要求：
（1）站内联锁关系正确，符合设计要求；
（2）站内联锁设备与区间、站间、场间的联锁关系符合设计要求；
（3）轨道区段、道岔位置、信号机显示状态的表示与相应的继电器状态和实际状态一致。
（4）计算机联锁设备的采集、驱动单元与相对应的采集对象、执行器件的状态一致。"
comprehensive,36,简述车站股道电码化应满足的规定有什么？,
comprehensive,37,开通的施工组织主要工作有哪些？,"开通的施工组织主要工作有：
（1）施工负责人于预定的封锁时间开始之前，在行车设备登记簿上详细写明设备封锁施工的依据、施工范围、施工时间以及施工期行车作业办理办法。登记须经车站当班值班员签认，值班员接调度员同意封锁施工命令，向施工负责人传达，施工负责人再向现场待命的施工人员下达施工命令；
（2）施工人员得到施工开始命令，方可进行新旧设备的倒替工作和新设备的就位及安装；
（3）新设备安装及新旧设备换装完毕后，由施工单位进行必要的试验复核，确认联锁关系全部正确后，交电务段进行试验；
（4）电务段试验确认全部联锁关系正确后，即可在电务设备登记簿上登记，请求开通使用。车站值班员取得调度命令并在登记簿上确认后，正式开通使用。由施工单位值班，证明设备稳定、功能正常后，正式向接管维修单位办理移交。"
comprehensive,38,高速铁路信号工程接口技术要求应符合那些规定？（高铁细部Q/CR9521-2025）,"（1）道岔安装于桥梁和隧道地段时，转辙设备安装处桥梁和隧道应做加宽处理，符合道岔转辙设备安装净空要求；
（2）车站信号楼侧站台宜设置综合管沟（廊）用于光电缆敷设，综合管沟（廊）应符合排水和光电缆维修空间要求，综合管沟（廊）应采用绝缘支架或金属支架加装绝缘层；
（3）设置道岔融雪装置的车站，站内岔区部分电缆槽宜采用三线槽分别用于电力电缆、融雪电力电缆、通信信号光电缆敷设；
（4）电缆槽设计时应根据现场情况同步设计路基、桥梁、隧道过渡段顺接光电缆槽道，接触网支柱基础不应侵占通信信号电缆槽空间；
（5）无砟轨道两线路间（除正线外）宜设置分支电缆槽用于分支电缆敷设，分支电缆槽应与干线电缆槽相连通；
（6）电缆井内应根据用途设置强弱电电缆直通电缆槽，并做好防排水措施；
（7） 电缆过轨设计时强弱电应分别设置电缆井，符合电缆过轨及引入引出条件要求，过轨管按照用一备一设置；
（8）方向盒、信号机、轨道电路、道岔融雪等设备处电缆槽侧壁，站内无砟轨道转辙机、密贴检查器处轨道板侧壁，两线路间过轨井侧壁应预留接地端子；"
comprehensive,39,简述电缆成端制作要求。,"电缆成端制作要求有：
（1）电缆穿入保护管和密封套后，应将电缆做头部分外护套清洁干净。
（2）电缆开剥长度应按箱盒配线要求确定。
（3）钢带长度应保留10mm，露出铝护套，锯钢带时不应伤及铝护套。
（4）保留10mm铝护套，剩余部分锯断后抽出，露出内屏蔽层。锯铝护套时不得锯伤金属内屏蔽层及电缆芯线。
（5）剔除铝护套保护层，并用砂纸将铝护套和钢带打毛。
（6）保留40mm长的四芯组内屏蔽层，剪除剩余部分，露出电缆芯线。
（7）除去内屏蔽层外绝缘层25～30mm后，再剥开内屏蔽层纵缝。
（8）内衬管应放置在芯线和内屏蔽层之间，压接管应套入内屏蔽层外侧，然后用专用压接钳进行压接。
（9）开剥电缆时应注意保持电缆芯组的自然排序，并用电缆的编号扎纱将芯线组缠紧，避免配线时造成芯线混乱。
（10）用脱脂棉或白布带将芯线和电缆护套之间的缝隙填塞严密，防止灌胶时胶液渗漏。"
comprehensive,40,列控中心与LEU的接口检查有哪些要求？,"列控中心与LEU的接口检查应符合以下要求：
（1）列控中心与LEU的接口应符合设计要求和相关技术标准的规定，且必须冗余配置；
（2）列控中心应能与LEU建立正常通信，并有相应的标识表示通信状态，具备正确传输列控中心报文的功能；
（3）列控中心应设置维修终端，并能收到LEU、有源应答器状态及报警信息。
（4）列控中心应能具备同时与冗余配置的LEU通信、且发送完全相同的应答器报文至LEU的功能。"
comprehensive,41,ZPW-2000A型无绝缘轨道电路电缆使用应满足哪些要求？,"电缆使用应满足下列要求：
（1）ZPW-2000A型轨道电路信号传输应采用铁路数字信号电缆。
（2）电缆中没有相同频率线对时，使用非内屏蔽型电缆。
（3）电缆中有相同频率线对时，使用内屏蔽型电缆。
（4）两个频率相同的发送与接收不能使用同一根电缆。
（5）两个频率相同的发送不能设置在同一屏蔽四线组内。
（6）两个频率相同的接收不能设置在同一屏蔽四线组内。
（7）电缆中各发送、各接收线对必须按四芯组对角线成对使用。
（8）电缆余量不能成“○”形闭合环状。电缆芯线全程对地绝缘大于1MΩ。"
comprehensive,42,请画出信号设备故障处理程序方框图。,
comprehensive,43,6502电气集中电路办理正常解锁时解锁网路的动作规律是怎样的？,正常解锁时，如果车运行方向是从左到右，则进路继电器1LJ先励磁吸起，同区段的进路继电器2LJ后励磁吸起，第一个区段解锁后，第二个区段解锁，由进路始端向终端逐段解锁。如果运行方向从右到左，则进路继电器2LJ先励磁吸起，同区段的进路继电器1LJ后励磁吸起，也是第一个区段解锁后，第二个区段解锁，由进路始端至终端逐段解锁。
comprehensive,44,S700K型电动转辙机有什么特点？,"S700K型电动转辙机具有以下主要特点：
（1)采用了交流三相电动机，不仅从根本上解决了原直流电动转辙机必须设置整流子而引起的故障率高、使用寿命短、维修量大的不足，而且减小了控制导线截面，延长了控制距离。
(2）采用了直径32 mm的滚珠丝杠作为驱动装置，延长了转辙机的使用寿命。
(3）采用了具有簧式挤脱装置的保持联接器，并选用了不可挤型零件，从根本上解决了由于挤切销劳损造成的惯性故障。
(4）采用了多片干式可调摩擦联接器，经工厂调整加封，使用中无需再调整。"
comprehensive,45,高速铁路桥上扼流压器安装要求是如何规定的？,"（1）扼流变压器安装在防护墙外侧，扼流变压器钢轨引接线端子朝向线路侧。
（2）金属基础采用M20通透式防松螺栓和补强板，固定在防护墙上，基础支脚底板应支于电缆槽道隔墙的盖板上，且不悬空。金属基础严禁跨建筑物伸缩缝。
（3）扼流变压器安装高度为底部距电缆槽盖板上表面150mm±50mm。
（4）钢轨引接线应在防护墙上钻孔后穿出，防护墙穿线孔内的引接线应加防护。"
comprehensive,46,列控中心技术条件中对“异物侵限防护”是如何规定的？,"列控中心技术条件中对“异物侵限防护”规定如下：
（1）由TCC控制轨道电路发码时，TCC应通过采集异物侵限继电器（YWJ）接点，获取异物侵限报警信息，按照故障—安全原则实现灾害防护。
（2）TCC与异物侵限防护应符合以下原则：
1）TCC异物侵限防护的基本单元：区间线路为闭塞分区，站内为轨道电路区段；
2）区间发生异物侵限灾害时，TCC应控制异物侵限灾害所影响闭塞分区的轨道电路发H码；
3）站内发生异物侵限时，TCC应控制异物侵限灾害所影响轨道区段发H码。
（3）中继站的TCC将管辖范围内采集到的异物侵限报警信息发送给车站的TCC，车站的TCC应将其管辖内的异物侵限报警信息发送给CBI设备和集中监测设备。"
comprehensive,47,电气化区段轨道电路设置扼流变压器的目的是什么？,电气化区段以钢轨作为牵引回流通道，而信号设备又是以钢轨作为信号传输通道，即构成完整的轨道电路设备来完成联锁。所以要求轨道电路系统就应具备良好的电磁兼容性。为了使牵引电流分开，故在钢轨绝缘处设置扼流变压器BE。
comprehensive,48,更换两相邻扼流变压器附有吸上线（或回流线）的中性连接板时，应怎样进行？,更换两相邻扼流变压器带吸上线（或回流线）的中性连接板时，需在更换前做好“两横一纵”临时回流连接线的连接，并将吸上线或回流线临时沟通至钢轨，连接好后再由供电人员配合撤下吸上线（或回流线），装好新中性连接板后，再连接好吸上线（或回流线），全部连接好再撤除“两横一纵”临时回流线。
comprehensive,49,为防止牵引供电设备对信号设备的干扰，采取了哪些防护措施？,"(1)采用与最大牵引电流相匹配的高容量扼流变压器。
(2)轨道电路接收输入端加装抗干扰适配器（不同的信号设备制式采用的适配器也不同），来缓解冲击电流，减少不平衡电流的影响。
(3)轨道电路受电端轨道继电器线圈并接防护盒，使之滤掉不平衡电流的50 Hz基波及谐波成分，并保证信号电流衰耗很小。
(4)加装复示继电器，防止轨道继电器的瞬间误动。"
comprehensive,50,CTC系统与TSRS接口有哪些要求？,"CTC与TSRS系统接口要求主要包括：
（1）连接方式应符合下列要求：
1）调度集中系统通过设置在中心的TSRS接口服务器与TSRS连接；
2）采用专用数字通道与TSRS交叉连接，同时应设置安全隔离设备。
（2）通信内容应满足下列要求：
1）调度集中系统向TSRS发送临时限速调度命令以及临时限速调度命令的激活、执行，TSRS的初始化指令及时钟校核等。
2）调度集中系统从TSRS接收限速命令激活结果、执行结果以及临时限速状态信息。"
comprehensive,51,请具体描述调度集中系统的分散自律控制模式的三种方式操作权限。,"调度集中系统的分散自律控制模式的三种方式操作权限为：
（1）在中心操作方式下，调度终端具有信号设备的全部控制权，列车调度员对列车及调车进路均有操作权，车站对列车及调车进路均无操作权。
（2）在车站调车操作方式下，列车调度员对列车进路有操作权，对调车进路无操作权；而车站对调车进路有操作权，对列车进路无操作权，对于道岔单锁和设备封锁操作，遵循“谁封谁解”的原则。
（3）在车站操作方式下，车务终端具有信号设备的全部控制权，车站对列车及调车进路均有操作权，列车调度员对列车及调车进路均无操作权。"
comprehensive,52,CTCS-2级、CTCS-3级区段追踪码序有什么规定？,"CTCS-2级、CTCS-3级区段追踪码序发码规定如下：
（1）正常追踪码序由高至低依次为L5码、L4码、L3码、L2码、L码、LU码、U码、HU码；
（2）侧向进路追踪码序由高至低依次为L5码、L4码、L3码、L2码、L码、LU码、U2码／U2S码、UU码／UUS码；
（3）引导进路追踪码序由高至低依次为L5码、L4码、L3码、L2码、L码、LU码、U码、HB码；
（4）异物侵限防护码序为L5码、L4码、L3码、L2码、L码、LU码、U码、HU码、H码；
（5）追踪码序的最高信息码可根据线路实际情况选择。"
comprehensive,53,《中华人民共和国安全生产法》中规定，生产经营单位应当对从业人员进行安全生产教育和培训有那些？,"（1）保证从业人员具备必要的安全生产知识，熟悉有关的安全生产规章制度和安全操作规程，掌握本岗位的安全操作技能，了解事故应急处理措施，知悉自身在安全生产方面的权利和义务。未经安全生产教育和培训合格的从业人员，不得上岗作业。
（2）使用被派遣劳动者的，应当将被派遣劳动者纳入本单位从业人员统一管理，对被派遣劳动者进行岗位安全操作规程和安全操作技能的教育和培训。劳务派遣单位应当对被派遣劳动者进行必要的安全生产教育和培训。。
（3）接收中等职业学校、高等学校学生实习的，应当对实习学生进行相应的安全生产教育和培训，提供必要的劳动防护用品。学校应当协助生产经营单位对实习学生进行安全生产教育和培训。
（4）应当建立安全生产教育和培训档案，如实记录安全生产教育和培训的时间、内容、参加人员以及考核结果等情况。"
comprehensive,54,在进站信号机显示两个黄灯后，第二位黄灯因故灭灯，此时进站信号机显示会发生什么变化？为什么？,在进站信号机显示两个黄灯以后，第二位黄灯因故灭灯，此时进站信号机显示禁止信号—红灯。因为在进站信号点灯的第一位黄灯电路中串接了2DJ前接点，当第二位黄灯灭灯时，由于2DJ↓-DJ↓-LXJ↓，使第一位黄灯也灭灯、信号关闭，改点禁止灯光—红灯。
comprehensive,55,请描述中国通号“3361”工程精益数字化管理体系?,"（1）3个建设：标准工位建设，精益工区建设，精益项目建设。
（2）3个机制：接口管理机制，模拟施工机制，异常管理机制。
（3）6个管理线： 技术管理线，质量管理线，安全管理线，成本管理线，收入管理线，资源管理线。
（4）1个生产模式：工位制均衡施工模式。"
comprehensive,56,在有两个发车口的站，当向主要线路方向发车时，为使出站信号机不闪两个绿灯，采取了什么措施？,"采取的措施是：
（1）当信号开放时，使ZXJ先于LXJ吸起，ZXJ吸起后用接点切断第二个绿灯的点灯电路，然后用前接点接通第一个绿灯的点灯电路待LXJ吸起后，使第一个绿灯点亮，信号机则显示一个绿灯。为实现ZXJ先吸起，LXJ后吸起，在ZXJ的励磁电路中要经过LXJF的后接点。而LXJ的励磁电路里则要经过与ZXJ串联励磁的XFJ的前接点。
（2）当关闭信号时，要使LXJ先落下，ZXJ后落下，LXJ落下时，用其前接点首先切断两个绿灯的点灯电路，使信号关闭，这样就不会出现ZXJ落下时闪两个绿灯的现象。为使LXJ先落下，ZXJ后落下，在ZXJ的自闭电路中接入LXJF的前接点。"
comprehensive,57,电气集中车站有关道岔作业施工完毕后，如何正确核对道岔位置？,有关道岔的施工作业后需核对道岔位置时，做到：扳动位置、表示灯、接通光带，与室外道岔一致。室内扳定位时应有定位表示、扳反位时应有反位表示；室外人员核对道岔位置后说：“XX道岔现在开通XX股道（或XX道岔）—定位（或反位）”，室内则按压接通光带按钮（或排进路），进行核对，定、反位均核对完毕后，方可销点，交付使用。
comprehensive,58,请描述国务院国资委安全生产“十条硬措施”具体内容？,"（1）事故问责必须“紧盯一把手”。
（2）“三管三必须”必须“刚性执行”。
（3）重大风险必须“全程监督”。
（4）重大隐患必须停工整顿。
（5）应急处置必须高效规范。
（6）事故教训必须全链条复盘。
（7）监督检查必须“四不两直”。
（8）安全监管必须从严从实。
（9）外包单位必须实质监管。
（10）安全投入必须足额保障。"
comprehensive,59,CTC系统控制下，分别有哪三种操作方式，这三种操作方式的区别是什么，如需要转换则在哪里操作即可完成转换？,"在CTC系统控制模式下，车站分为三种操作方式：
一是中心操作方式，二是车站调车操作方式，三是车站操作方式。
中心操作方式：调度中心完全控制车站列车计划的调整、车站到发线的安排、列车和调车信号的开放、调车作业计划的编制。
车站调车操作方式：调度中心通过计划实现对列车的控制，车站通过调车计划或直接操作实现对调车的控制。调度中心制定列车调整计划、安排被控车站的股道应用，车站制定调车作业计划、办理调车作业。
车站操作方式：调度中心负责列车计划的调整及下达，车站有权修改进路序列中的股道安排。车站制定调车作业计划、办理调车作业。所有的列车进路及调车进路最终均通过自律机实现对计算机联锁的控制。
三种操作方式转换都是在中心，或者车站CTC设备上转换完成。"
comprehensive,60,标准工位建设的要求是什么？,"（1）工位是作业管理的最小单元，工程企业应结合工程类别和专业特点，开展标准工位设计，基于模块化装配式施工，合理划分工位，落实管理和作业要求，推行工位管理标准化。
（2）工位划分应综合平衡各施工对象之间的流水作业和空间距离，对施工过程进行合理切分和优化。
（3）标准工位管理要分解落实质量、安全、成本的管理要求和“人、机、料、法、环、测”的作业要求。标准工位设计包含工位编号、工位名称、作业内容等基本信息，人员配置、机具配置、物料消耗、作业指导书、作业条件等作业要求，检验标准及方法、安全生产条件、安全操作规程、时间标准等管理要求。
（4）标准工位设计应经过现场写实测定，固化管控标准，实现工位有效运作。
技能操作考核练习题
信号工操作项目的说明
一、技能操作内容及时间
（一）技能操作内容"
